[{"model": "admin.logentry", "pk": 111, "fields": {"action_time": "2023-05-09T10:40:07.220Z", "user": 2, "content_type": 4, "object_id": "1", "object_repr": "nddpj00", "action_flag": 3, "change_message": ""}}, {"model": "admin.logentry", "pk": 112, "fields": {"action_time": "2023-05-11T18:11:44.708Z", "user": 2, "content_type": 15, "object_id": "65", "object_repr": "test", "action_flag": 3, "change_message": ""}}, {"model": "admin.logentry", "pk": 113, "fields": {"action_time": "2023-05-11T18:11:44.713Z", "user": 2, "content_type": 15, "object_id": "66", "object_repr": "test2", "action_flag": 3, "change_message": ""}}, {"model": "admin.logentry", "pk": 114, "fields": {"action_time": "2023-05-12T10:39:08.353Z", "user": 2, "content_type": 7, "object_id": "1", "object_repr": "sharebear.example.com", "action_flag": 2, "change_message": "[{\"changed\": {\"fields\": [\"Domain name\", \"Display name\"]}}]"}}, {"model": "admin.logentry", "pk": 115, "fields": {"action_time": "2023-05-12T10:39:45.807Z", "user": 2, "content_type": 4, "object_id": "3", "object_repr": "testytest", "action_flag": 3, "change_message": ""}}, {"model": "admin.logentry", "pk": 116, "fields": {"action_time": "2023-05-12T10:51:09.666Z", "user": 2, "content_type": 19, "object_id": "1", "object_repr": "Why sharing is caring", "action_flag": 1, "change_message": "[{\"added\": {}}]"}}, {"model": "admin.logentry", "pk": 117, "fields": {"action_time": "2023-05-12T10:51:41.726Z", "user": 2, "content_type": 19, "object_id": "2", "object_repr": "testy test bloggy blog", "action_flag": 1, "change_message": "[{\"added\": {}}]"}}, {"model": "admin.logentry", "pk": 118, "fields": {"action_time": "2023-05-12T10:53:43.018Z", "user": 2, "content_type": 19, "object_id": "3", "object_repr": "another test blog", "action_flag": 1, "change_message": "[{\"added\": {}}]"}}, {"model": "admin.logentry", "pk": 119, "fields": {"action_time": "2023-05-15T11:24:52.144Z", "user": 2, "content_type": 19, "object_id": "3", "object_repr": "another test blog", "action_flag": 2, "change_message": "[{\"changed\": {\"fields\": [\"Thumb\", \"Author\"]}}]"}}, {"model": "admin.logentry", "pk": 120, "fields": {"action_time": "2023-05-15T11:25:06.018Z", "user": 2, "content_type": 19, "object_id": "2", "object_repr": "testy test bloggy blog", "action_flag": 2, "change_message": "[{\"changed\": {\"fields\": [\"Thumb\", \"Author\"]}}]"}}, {"model": "admin.logentry", "pk": 121, "fields": {"action_time": "2023-05-15T11:25:19.239Z", "user": 2, "content_type": 19, "object_id": "1", "object_repr": "Why sharing is caring", "action_flag": 2, "change_message": "[{\"changed\": {\"fields\": [\"Thumb\", \"Author\"]}}]"}}, {"model": "admin.logentry", "pk": 122, "fields": {"action_time": "2023-05-15T11:26:06.688Z", "user": 2, "content_type": 19, "object_id": "4", "object_repr": "Recycling paint", "action_flag": 1, "change_message": "[{\"added\": {}}]"}}, {"model": "admin.logentry", "pk": 123, "fields": {"action_time": "2023-05-15T11:27:02.781Z", "user": 2, "content_type": 19, "object_id": "5", "object_repr": "gardening tips", "action_flag": 1, "change_message": "[{\"added\": {}}]"}}, {"model": "admin.logentry", "pk": 124, "fields": {"action_time": "2023-05-15T11:44:59.568Z", "user": 2, "content_type": 19, "object_id": "6", "object_repr": "Be a Share Bear not an Angry Bear", "action_flag": 1, "change_message": "[{\"added\": {}}]"}}, {"model": "admin.logentry", "pk": 125, "fields": {"action_time": "2023-05-15T11:45:45.905Z", "user": 2, "content_type": 19, "object_id": "7", "object_repr": "blog dog mog fog", "action_flag": 1, "change_message": "[{\"added\": {}}]"}}, {"model": "admin.logentry", "pk": 126, "fields": {"action_time": "2023-05-15T11:49:15.454Z", "user": 2, "content_type": 19, "object_id": "5", "object_repr": "gardening tips", "action_flag": 2, "change_message": "[]"}}, {"model": "admin.logentry", "pk": 127, "fields": {"action_time": "2023-05-15T21:18:41.340Z", "user": 2, "content_type": 19, "object_id": "9", "object_repr": "is this going to work", "action_flag": 3, "change_message": ""}}, {"model": "admin.logentry", "pk": 128, "fields": {"action_time": "2023-05-15T21:18:50.331Z", "user": 2, "content_type": 19, "object_id": "8", "object_repr": "is this going to work", "action_flag": 3, "change_message": ""}}, {"model": "admin.logentry", "pk": 129, "fields": {"action_time": "2023-05-16T12:27:31.696Z", "user": 2, "content_type": 15, "object_id": "15", "object_repr": "1/2\" Drive Ratchet", "action_flag": 2, "change_message": "[{\"changed\": {\"fields\": [\"Available\"]}}]"}}, {"model": "admin.logentry", "pk": 130, "fields": {"action_time": "2023-05-16T12:27:38.887Z", "user": 2, "content_type": 15, "object_id": "35", "object_repr": "Cordless Circular Saw", "action_flag": 2, "change_message": "[{\"changed\": {\"fields\": [\"Available\"]}}]"}}, {"model": "admin.logentry", "pk": 131, "fields": {"action_time": "2023-05-16T14:17:46.616Z", "user": 2, "content_type": 15, "object_id": "15", "object_repr": "1/2\" Drive Ratchet", "action_flag": 2, "change_message": "[{\"changed\": {\"fields\": [\"AvailableDate\", \"Stock\"]}}]"}}, {"model": "admin.logentry", "pk": 132, "fields": {"action_time": "2023-05-16T18:43:55.872Z", "user": 2, "content_type": 15, "object_id": "15", "object_repr": "1/2\" Drive Ratchet", "action_flag": 2, "change_message": "[{\"changed\": {\"fields\": [\"AvailableDate\", \"Stock\"]}}]"}}, {"model": "admin.logentry", "pk": 133, "fields": {"action_time": "2023-05-16T18:49:51.035Z", "user": 2, "content_type": 15, "object_id": "67", "object_repr": "jam sandwich", "action_flag": 2, "change_message": "[]"}}, {"model": "admin.logentry", "pk": 134, "fields": {"action_time": "2023-05-19T09:07:06.310Z", "user": 2, "content_type": 4, "object_id": "4", "object_repr": "nddpj00", "action_flag": 1, "change_message": "[{\"added\": {}}]"}}, {"model": "admin.logentry", "pk": 135, "fields": {"action_time": "2023-05-19T09:07:50.797Z", "user": 2, "content_type": 4, "object_id": "4", "object_repr": "nddpj00", "action_flag": 2, "change_message": "[{\"changed\": {\"fields\": [\"First name\", \"Last name\", \"Email address\"]}}]"}}, {"model": "admin.logentry", "pk": 136, "fields": {"action_time": "2023-05-19T09:10:33.051Z", "user": 2, "content_type": 20, "object_id": "1", "object_repr": "Recycling paint", "action_flag": 1, "change_message": "[{\"added\": {}}]"}}, {"model": "admin.logentry", "pk": 137, "fields": {"action_time": "2023-05-19T09:10:42.150Z", "user": 2, "content_type": 20, "object_id": "1", "object_repr": "Recycling paint", "action_flag": 2, "change_message": "[]"}}, {"model": "admin.logentry", "pk": 138, "fields": {"action_time": "2023-05-19T09:12:34.603Z", "user": 2, "content_type": 20, "object_id": "2", "object_repr": "how to sharpen your garden tools", "action_flag": 1, "change_message": "[{\"added\": {}}]"}}, {"model": "admin.logentry", "pk": 139, "fields": {"action_time": "2023-05-19T18:32:08.693Z", "user": 2, "content_type": 4, "object_id": "2", "object_repr": "gitpod", "action_flag": 2, "change_message": "[{\"changed\": {\"fields\": [\"First name\", \"Last name\"]}}]"}}, {"model": "admin.logentry", "pk": 140, "fields": {"action_time": "2023-05-20T14:50:37.001Z", "user": 2, "content_type": 20, "object_id": "7", "object_repr": "test", "action_flag": 2, "change_message": "[{\"changed\": {\"fields\": [\"Organiser\"]}}]"}}, {"model": "admin.logentry", "pk": 141, "fields": {"action_time": "2023-05-21T16:05:39.724Z", "user": 2, "content_type": 4, "object_id": "5", "object_repr": "testmctest123", "action_flag": 1, "change_message": "[{\"added\": {}}]"}}, {"model": "admin.logentry", "pk": 142, "fields": {"action_time": "2023-05-21T16:05:59.418Z", "user": 2, "content_type": 4, "object_id": "5", "object_repr": "testmctest123", "action_flag": 2, "change_message": "[{\"changed\": {\"fields\": [\"First name\", \"Last name\", \"Email address\"]}}]"}}, {"model": "admin.logentry", "pk": 143, "fields": {"action_time": "2023-05-21T16:07:40.355Z", "user": 2, "content_type": 4, "object_id": "5", "object_repr": "testmctest123", "action_flag": 2, "change_message": "[]"}}, {"model": "admin.logentry", "pk": 144, "fields": {"action_time": "2023-05-21T16:07:55.145Z", "user": 2, "content_type": 4, "object_id": "5", "object_repr": "testmctest123", "action_flag": 2, "change_message": "[]"}}, {"model": "admin.logentry", "pk": 145, "fields": {"action_time": "2023-05-21T20:30:24.773Z", "user": 2, "content_type": 20, "object_id": "14", "object_repr": "test tes testt", "action_flag": 1, "change_message": "[{\"added\": {}}]"}}, {"model": "admin.logentry", "pk": 146, "fields": {"action_time": "2023-05-21T21:04:49.648Z", "user": 2, "content_type": 20, "object_id": "15", "object_repr": "is this going to work", "action_flag": 1, "change_message": "[{\"added\": {}}]"}}, {"model": "admin.logentry", "pk": 147, "fields": {"action_time": "2023-05-21T21:06:11.638Z", "user": 2, "content_type": 20, "object_id": "16", "object_repr": "new new new", "action_flag": 1, "change_message": "[{\"added\": {}}]"}}, {"model": "auth.user", "pk": 2, "fields": {"password": "pbkdf2_sha256$260000$3Sjgy0VLC29SGYsICcIGg4$v4pRIiX16FfxU1PzUM92vgGQ+couyC3sWT4LcfeocD0=", "last_login": "2023-05-23T10:40:41.317Z", "is_superuser": true, "username": "gitpod", "first_name": "Daniel", "last_name": "Jones", "email": "danieljones625@btinternet.com", "is_staff": true, "is_active": true, "date_joined": "2023-05-09T10:39:09Z", "groups": [], "user_permissions": []}}, {"model": "auth.user", "pk": 4, "fields": {"password": "pbkdf2_sha256$260000$wkoqumGfSXhFGLyf87NwLG$jevqZvhXjsyFsuTIlP2xfsTsJ4e0V8eT2guCzR8VPMw=", "last_login": null, "is_superuser": false, "username": "nddpj00", "first_name": "Jam", "last_name": "Sandwich", "email": "test@test.com", "is_staff": false, "is_active": true, "date_joined": "2023-05-19T09:07:06Z", "groups": [], "user_permissions": []}}, {"model": "auth.user", "pk": 5, "fields": {"password": "pbkdf2_sha256$260000$bCQMO0eyhLMbEtXwDDky7y$FlqPOGZKWJKoOIHNC+GuuSDzcjHLOGDB8E8o6/XIlrs=", "last_login": "2023-05-21T19:18:35.792Z", "is_superuser": false, "username": "testmctest123", "first_name": "Gerbil", "last_name": "Jones", "email": "test@test.com", "is_staff": false, "is_active": true, "date_joined": "2023-05-21T16:05:39Z", "groups": [], "user_permissions": []}}, {"model": "sites.site", "pk": 1, "fields": {"domain": "sharebear.example.com", "name": "Share Bear Tools"}}, {"model": "sessions.session", "pk": "28kbj1qrqop2fnhrns1d3pbtywikcf3j", "fields": {"session_data": ".eJxVjDsOwyAQBe9CHSHMd0mZ3mdAC6yDkwgkY1dR7h4huUjaNzPvzQIeewlHpy2smV2ZZJffLWJ6Uh0gP7DeG0-t7tsa-VD4STufW6bX7XT_Dgr2MmphLCa3JGGNByNQWsCslMuLBNRaqUh6miApnS2Bix6tAJ-MsUJEUuzzBdPhN0U:1q1PRZ:HCx4ENkcVF9SKNfhtC77E7NrxIjM3BhgcX4MTWlWKOk", "expire_date": "2023-06-06T10:40:41.327Z"}}, {"model": "sessions.session", "pk": "56hbnbdki9gm47q0jua1zgmbfqy0tf52", "fields": {"session_data": ".eJxVjMsOwiAQRf-FdUOmPFrapXu_gQwwtagBA63RGP9dm3Sh23vOPS9mcV1mu1YqNgY2MsGa382hv1DaQDhjOmXuc1pKdHxT-E4rP-ZA18Pu_gVmrPP33QGSIjLgAoIaSPVtL02Q3ms5BE0gwTmhtEFhdAvSSBKggUyvu4lCu0Ur1RpzsvS4xfJkIzSs4p1sTFNm41JWen8AzGlEmA:1pz1sR:fgk7k6aG660-y_KFglvHMn5j0wPyFPKEKETztw1vjyc", "expire_date": "2023-05-30T21:06:35.947Z"}}, {"model": "sessions.session", "pk": "8j96fyv5zue0xh1w0ljudhbm8fczquzu", "fields": {"session_data": "eyJiYWciOnsiMiI6MSwiNCI6MX19:1ptwlB:k4q7CqEeBBlSsjl_n31stEBLWbsWVpAffESCuZ0rCto", "expire_date": "2023-05-16T20:38:05.860Z"}}, {"model": "sessions.session", "pk": "bnm2wd2k7u4551kp45gskd02o5x9qt8s", "fields": {"session_data": ".eJxVjEEOgjAQRe_StWkoQyll6d4zNNPpIFXTEgqJxnh3IWGh2_fe_2_hcF1GtxaeXQyiF0qcfplHunPaRbhhumZJOS1z9HJP5GGLvOTAj_PR_h2MWMZtXYO1SKBAd8yq9tiZAYcGEKvBB7IGdUBiJq-gtdR50-gWTA1abyA0-2nhUmJOjp9TnF-irz5fqdA_aw:1ppCV5:68Y0wR1fLzEb18p_QT_0NHiOLemaZtNGsgzNaDPMel0", "expire_date": "2023-05-03T18:25:51.934Z"}}, {"model": "sessions.session", "pk": "cn19s4ve2qcj2gurtbwko6bn1f7u60ju", "fields": {"session_data": "e30:1pwKPX:GcnIkQYMQxVvZgnZ3R6gZIRAKfDDZTCjk6rLFjBb3G8", "expire_date": "2023-05-23T10:17:35.089Z"}}, {"model": "sessions.session", "pk": "fqckwayxwcf6yteemluhqxgxvu51v9ut", "fields": {"session_data": ".eJxVjMsOgjAQRf-la9MMfUBh6d5vaKadUaqmJRQSjfHflYSFbu8597yEx3UZ_Vp59onEIJQ4_G4B443zBuiK-VJkLHmZU5CbInda5akQ34-7-xcYsY7fdwvIhtlBIATTs-maTjvSMVrdk2XQEIIy1qFytgHtNCuwwK6z7Zmp2aKVa00le35MaX6KAd4fdCg-dA:1pyfbR:Wl69pjBtBrF0T4LMTyhTGlZBovVTsQ1oPf9Y10JtQM8", "expire_date": "2023-05-29T21:19:33.792Z"}}, {"model": "sessions.session", "pk": "h6dvgm2zy672p73tktwlhnnbncxvfths", "fields": {"session_data": ".eJxVjMsOgjAQRf-la9MMfUBh6d5vaKadUaqmJRQSjfHflYSFbu8597yEx3UZ_Vp59onEIJQ4_G4B443zBuiK-VJkLHmZU5CbInda5akQ34-7-xcYsY7fdwvIhtlBIATTs-maTjvSMVrdk2XQEIIy1qFytgHtNCuwwK6z7Zmp2aKVa00le35MaX6KAd4fdCg-dA:1q0OC1:Q2xFUrKcYhPxFxzjhXA4SVJQBOlJT3fjgu_z9t5PKA8", "expire_date": "2023-06-03T15:08:25.899Z"}}, {"model": "sessions.session", "pk": "hdgvcscctlk68j0m1wjddpdaeafzbghr", "fields": {"session_data": ".eJxVjMFOwzAUBP_lnavoJY4bN0fufIP1bG-IIdjIjisQ4t9JUSXU68zufJOtqDXmZPH5EcsXzXwi8T63tNsrSlwigsW7xI3m1Lbt37aKQjMpOpGVtq9_wMZwsOGROfFvSDcRXiW95M7ntJfoutuku9vaPeeA7em-fQisUtfjfWbBCBh2QXi8YJz6SZmgvNfqEjRYsXPDqI0MRvesjMLAmmEmfV4Q-iNa5Qob05Jp3kvDzy98YVYq:1pwSlY:9jf_2qMH9x1rhDnDhwqmJNdGpk3MaDuy-uKS5UbZrQw", "expire_date": "2023-05-23T19:12:52.662Z"}}, {"model": "sessions.session", "pk": "hhfb2yvtx6ym816enfk3erqhzhm4l0y4", "fields": {"session_data": ".eJxVTksOgjAQvcusG0I7rUCX7j1DM20HQQ0YComGeHcLutDNvMn75a3gaJk7tySeXB_BggTxy3kKVx42IV5oOI9FGId56n2xWYqvmorTGPl2_Hr_CjpKXU4rbBoKKNHUzFJ5qquWWo1EZetjaCoykQJz8BIPTah9pc0BK4XGZCLqrTRxSv04OH7c--kJthTg6Qx2zaOtFIBglQCdAQXUOyVxB6N3UPv9_PKT0SaHXq83xspNng:1psOje:e0SiEUBC8zz0_AGUTTYYGb9sWVoGnnCTW6VDTqzTy7Y", "expire_date": "2023-05-12T14:06:06.569Z"}}, {"model": "sessions.session", "pk": "j1bosvg4no418z5hm4das9yi3af8xbv5", "fields": {"session_data": ".eJxVjEEOwiAQRe_C2hBhoIBL956BDMMgVUOT0q6Md7dNutDte-__t4i4LjWunec4ZnERSpx-WUJ6cttFfmC7T5KmtsxjknsiD9vlbcr8uh7t30HFXre1hhCQQIH1zEon9K5gMYB4LilTcGgzEjMlBUMgn5yxAzgN1m4gG_H5AvviOC4:1ppnTC:PV6H77L2b1SuIwBA9sHCiUZa8UnK7db5nyhJEWiGUAk", "expire_date": "2023-05-05T09:54:22.690Z"}}, {"model": "sessions.session", "pk": "jthr8q8xx1yuduic3hzqiy4yp91rxolo", "fields": {"session_data": ".eJxVjEEOgjAQRe_StWkoQyll6d4zNNPpIFXTEgqJxnh3IWGh2_fe_2_hcF1GtxaeXQyiF0qcfplHunPaRbhhumZJOS1z9HJP5GGLvOTAj_PR_h2MWMZtXYO1SKBAd8yq9tiZAYcGEKvBB7IGdUBiJq-gtdR50-gWTA1abyA0-2nhUmJOjp9TnF-irz5fqdA_aw:1poqiq:W0w6TyIIaTG-AKEfscY1hFOsqjWofALGeeWlWgz6ZtU", "expire_date": "2023-05-02T19:10:36.353Z"}}, {"model": "sessions.session", "pk": "n4tt9nukw14tihqfwdjiz94pue8ml387", "fields": {"session_data": "e30:1pwKOq:vglym8fhImWnDTzrVB-GosdFYR_7hlLYhHoU_K8sEAQ", "expire_date": "2023-05-23T10:16:52.058Z"}}, {"model": "sessions.session", "pk": "pyyjmb0pjojn58cc26hwju2y7gmn1xbn", "fields": {"session_data": "e30:1pwKOW:p6R59G0aWsa2kLQgpt5aVIQWjcbJd61_tdIJNrWRp0g", "expire_date": "2023-05-23T10:16:32.606Z"}}, {"model": "sessions.session", "pk": "q9ji3vltrm3t3wh0vnb5pklen8iygtjm", "fields": {"session_data": ".eJxVjEEOwiAQRe_C2hBhoIBL956BDMMgVUOT0q6Md7dNutDte-__t4i4LjWunec4ZnERSpx-WUJ6cttFfmC7T5KmtsxjknsiD9vlbcr8uh7t30HFXre1hhCQQIH1zEon9K5gMYB4LilTcGgzEjMlBUMgn5yxAzgN1m4gG_H5AvviOC4:1ppXoT:B-1mS6aAAnR9w8bwcUOVjg-kl3C6fbqTj381h_8SDjk", "expire_date": "2023-05-04T17:11:17.247Z"}}, {"model": "sessions.session", "pk": "ri6gqca9h4wq4priii5tmz62qp7j4yhz", "fields": {"session_data": "eyJiYWciOnsiMSI6MX19:1ptlRh:q7S_R8y_1xF6qTWblPdHAkjR8d1lhUdl7k8hDu4cshw", "expire_date": "2023-05-16T08:33:13.620Z"}}, {"model": "sessions.session", "pk": "so5kf536s7h3f1wjqsjjwbuhc0xqt73o", "fields": {"session_data": "eyJiYWciOnsiOSI6MiwiNTEiOjMsIjMwIjoxLCI0OCI6Mn19:1ptoW7:Jk7_73WwqXlulve3oUB0jyOE9E7ZHum-Q7Gdp_Ifp-s", "expire_date": "2023-05-16T11:49:59.303Z"}}, {"model": "sessions.session", "pk": "xo8c4d3lptx042dp6op0rrijhq6fsh1m", "fields": {"session_data": ".eJxVjMsOgjAQRf-la9MMfUBh6d5vaKadUaqmJRQSjfHflYSFbu8597yEx3UZ_Vp59onEIJQ4_G4B443zBuiK-VJkLHmZU5CbInda5akQ34-7-xcYsY7fdwvIhtlBIATTs-maTjvSMVrdk2XQEIIy1qFytgHtNCuwwK6z7Zmp2aKVa00le35MaX6KAd4fdCg-dA:1q04tc:Zjeumn94jFkWQULXW3dv3t_Z68NcFBNnUvhj_LPwmVk", "expire_date": "2023-06-02T18:32:08.773Z"}}, {"model": "account.emailaddress", "pk": 2, "fields": {"user": 2, "email": "danieljones625@btinternet.com", "verified": true, "primary": true}}, {"model": "account.emailaddress", "pk": 4, "fields": {"user": 5, "email": "test@test.com", "verified": true, "primary": true}}, {"model": "items.category", "pk": 5, "fields": {"name": "plumbing_tools", "friendly_name": "Plumbing Hand Tools"}}, {"model": "items.category", "pk": 6, "fields": {"name": "carpentry_tools", "friendly_name": "Carpentry Hand Tools"}}, {"model": "items.category", "pk": 7, "fields": {"name": "electrician_tools", "friendly_name": "Electrician Hand Tools"}}, {"model": "items.category", "pk": 9, "fields": {"name": "saws_ptools", "friendly_name": "Saw Power Tools"}}, {"model": "items.category", "pk": 10, "fields": {"name": "drills_ptools", "friendly_name": "Drill Power Tools"}}, {"model": "items.category", "pk": 11, "fields": {"name": "sanders_ptools", "friendly_name": "Sander  Power Tools"}}, {"model": "items.category", "pk": 12, "fields": {"name": "other_ptools", "friendly_name": "Other Power Tools"}}, {"model": "items.category", "pk": 13, "fields": {"name": "garden_electrial", "friendly_name": "Electrical Garden Tools"}}, {"model": "items.category", "pk": 14, "fields": {"name": "handtools_garden", "friendly_name": "Garden Hand Tools"}}, {"model": "items.category", "pk": 15, "fields": {"name": "ladders_other", "friendly_name": "Ladders"}}, {"model": "items.category", "pk": 16, "fields": {"name": "miscellaneous_other", "friendly_name": "Miscellaneous Tools"}}, {"model": "items.category", "pk": 17, "fields": {"name": "spanners_handtools", "friendly_name": "Spanners and Wrenches"}}, {"model": "items.category", "pk": 18, "fields": {"name": "saws_handtools", "friendly_name": "Hand Saws"}}, {"model": "items.category", "pk": 19, "fields": {"name": "building_handtools", "friendly_name": "Building Hand Tools"}}, {"model": "items.category", "pk": 20, "fields": {"name": "accessories_other", "friendly_name": "Accessories"}}, {"model": "items.category", "pk": 21, "fields": {"name": "workwear-other", "friendly_name": "Safety Workwear"}}, {"model": "items.item", "pk": 1, "fields": {"category": 17, "name": "Adjustable wrench", "description": "BAHCO WIDE JAW ADJUSTABLE WRENCH 8\"", "manufacturer": "Bahco", "price": "1.00", "image_url": null, "image": "sb-handtool-spanner2.jpg", "availableDate": null, "stock": 1}}, {"model": "items.item", "pk": 2, "fields": {"category": 18, "name": "20\" Wood Saw", "description": "IRWIN JACK 8TPI WOOD SAW 20\" (500MM) \r\nCuts Wood\r\nTriple-Ground Teeth\r\nRipping & Cross Cut\r\n0.85mm Steel Blade\r\nPlastic Soft-Grip Handle", "manufacturer": "Irwin", "price": "1.00", "image_url": null, "image": "sb-handtool-saw_lrsffDy.jpg", "availableDate": "2023-05-31", "stock": 0}}, {"model": "items.item", "pk": 3, "fields": {"category": 18, "name": "Multi-Material Hacksaw 12\"", "description": "Blade can be adjusted in multiple positions to obtain desired angle and cut. Rigid aluminium frame designed for maximum control. Easy adjust and tensioning control.\r\n\r\nCuts Multi-Material\r\nAdjustable Tension Mechanism\r\nAluminium Frame\r\nDurable Hard-Point Teeth\r\nCoarse Fine & Curved Cut\r\n0.7mm Heat-Treated Steel Alloy Blade\r\nPlastic Ergonomic Soft-Grip Handle", "manufacturer": "Magnusson", "price": "0.50", "image_url": null, "image": "sb-handtool-hacksaw.jpg", "availableDate": null, "stock": 1}}, {"model": "items.item", "pk": 4, "fields": {"category": 18, "name": "Coping Saw", "description": "For fine precision work in wood and plastics. Made from high frequency hardened steel. Ensures push and pull cut. Supplied with blade.\r\n\r\nCuts Wood & Plastic\r\nAdjustable Tension Mechanism\r\nSteel Frame\r\nDurable Hard-Point Teeth\r\nCoarse Fine & Curved Cut\r\n0.6mm Heat-Treated Carbon Steel Blade\r\nPlastic Ergonomic Soft-Grip Handle", "manufacturer": "Magnusson", "price": "0.50", "image_url": null, "image": "sb-handtool-copingsaw.jpg", "availableDate": null, "stock": 1}}, {"model": "items.item", "pk": 5, "fields": {"category": 18, "name": "Tenon Wood Saw 12\"", "description": "Reinforced back for stability and optimised tooth set pattern. Very fine cut from triple-ground hard-point teeth.\r\n\r\nCuts Wood\r\nTriple-Ground Hard-Point Teeth\r\nFine Cut\r\nSteel Blade\r\nPlastic Soft-Grip Handle", "manufacturer": "Irwin", "price": "0.50", "image_url": null, "image": "sb-handtool-tenonsaw.jpg", "availableDate": null, "stock": 1}}, {"model": "items.item", "pk": 7, "fields": {"category": 18, "name": "7\" Jabsaw", "description": "High quality jabsaw supplied with scabbard holster. Perfect for punching through plasterboard and close quarter applications. Triple-bevelled teeth for faster cutting.\r\n\r\nCuts Wood, Plasterboard & PVC\r\nTriple-Bevelled Teeth\r\nFast Cut\r\nSteel Blade\r\nPlastic Ergonomic Non-Slip Handle\r\nCuts on Push & Pull", "manufacturer": "Stanley Fatmax", "price": "0.50", "image_url": null, "image": "sb-handtool-jabsaw.jpg", "availableDate": null, "stock": 1}}, {"model": "items.item", "pk": 8, "fields": {"category": 5, "name": "Map and Propane Brazing Torch", "description": "High quality jabsaw supplied with scabbard holster. Perfect for punching through plasterboard and close quarter applications. Triple-bevelled teeth for faster cutting.\r\n\r\nCuts Wood, Plasterboard & PVC\r\nTriple-Bevelled Teeth\r\nFast Cut\r\nSteel Blade\r\nPlastic Ergonomic Non-Slip Handle\r\nCuts on Push & Pull", "manufacturer": "Rothenberger", "price": "1.50", "image_url": null, "image": "sb-plumbing-torch.jpg", "availableDate": null, "stock": 1}}, {"model": "items.item", "pk": 9, "fields": {"category": 5, "name": "Soldering Iron", "description": "M12 SI-0 12V LI-ION REDLITHIUM CORDLESS\r\n\r\nErgonomic design for maximum productivity. Quick heat-up time (20-30 seconds). 3 locking head positions to work in multiple orientations (0, 45 and 90°).\r\n\r\n3 Head Positions\r\nMax. Temperature: 400°C\r\n90W\r\nLED Work Light\r\nSlide On/Off Switch\r\nQuick Heat-Up Time\r\nTool-Free Replaceable Tips", "manufacturer": "Milwaukee", "price": "1.50", "image_url": null, "image": "sb-plumbing-soldering.jpg", "availableDate": null, "stock": 1}}, {"model": "items.item", "pk": 10, "fields": {"category": 5, "name": "Pipe Cutter", "description": "Milwaukee\r\nMILWAUKEE C12PC-201C 12V 1 X 2.0AH LI-ION REDLITHIUM\r\nHigh performance motor delivers up to 500rpm and cuts 12mm copper pipe in seconds. RedLink overload protection and constant speed electronics provide durability and performance. Auto-locking cut mechanism cuts installed copper tubing with as little as 37mm clearance. All-metal sealed front end with rust and corrosion-resistant cut head. On-board fuel gauge and LED light for added user convenience and illumination in low lit working conditions. Supplied with M12 RedLithium-Ion battery and blow-moulded case.\r\n\r\n1 x 2.0Ah Li-Ion Battery\r\n30min Charge Time\r\nCuts 12-28mm Pipe\r\nSuitable for Cutting Copper\r\nSteel Cutting Wheel\r\nBlow-Moulded Case\r\nLED Work Light\r\nReplaceable Carbon Brushes\r\nCuts In Seconds\r\nAuto-Adjusting Jaws", "manufacturer": "Milwaukee", "price": "2.00", "image_url": null, "image": "sb-plumbing-pipecutter.jpg", "availableDate": null, "stock": 1}}, {"model": "items.item", "pk": 11, "fields": {"category": 5, "name": "Drain Coil 7.6m", "description": "Flexible rod for cleaning blocked PVC pipes attached to basins, sinks and baths. Worm screw easily breaks up obstructions and clears blockages. Not suitable for U or L-bends and toilets.\r\n\r\nSuitable for 50mm Pipes\r\n7.6m Carbon Steel Cable\r\n6mm Spiral End\r\nPolypropylene & Rubber Soft-Grip Handle\r\nRecoils for Easy Spring Storage", "manufacturer": null, "price": "0.50", "image_url": null, "image": "sb-plumbing-draincoil.jpg", "availableDate": null, "stock": 1}}, {"model": "items.item", "pk": 12, "fields": {"category": 5, "name": "Pipe Bender with Extension Handles", "description": "Pipe bender delivers force to bend the pipe in the same plane as the bend. Bright zinc plating on the arms with rumbled aluminium former and lever casting. Nylon guides ensure pipe bender is not lost or damaged in tool bag. One or more extension handles can be added for additional leverage. Also includes 2 rubber feet.\r\n\r\nBends Pipes up to 90°\r\nSuitable for Copper Pipes\r\nSuitable for 22mm Pipes\r\nAluminium Former\r\nSteel Metal Handle\r\nMarked Bending Angles of 30, 45, 60 & 90°\r\nIntegral Nylon Guides", "manufacturer": "Monument Tools", "price": "1.50", "image_url": null, "image": "sb-plumbing-pipebender.jpg", "availableDate": null, "stock": 1}}, {"model": "items.item", "pk": 13, "fields": {"category": 17, "name": "3/8\" Drive Socket Set", "description": "Precision-ground hardened tool-grade chrome vanadium steel for extra strength and durability. Includes ratchet handle with bi-material soft-grip for comfort and control. Chamfered lead-in sockets allow for easy placement onto drive tools and fasteners. Large hard-stamped size markings enable easy identification of socket size. Durable and wipe clean easily of oil and dirt. Supplied in a carry case organiser.\r\n\r\nChrome Vanadium Steel Construction\r\n72-Tooth Ratchet\r\nCorrosion-Resistant\r\nHardened\r\nMicro Chrome-Plated Finish\r\nBall Socket Lock\r\nErgonomic Soft-Grip Handle\r\nCarry Case", "manufacturer": "Magnusson", "price": "1.00", "image_url": null, "image": "sb-spanners-socketset.jpg", "availableDate": null, "stock": 1}}, {"model": "items.item", "pk": 14, "fields": {"category": 17, "name": "Pipe Wrench 24\"", "description": "Flame-hardened and tempered V-shaped tooth profile provides grip on pipes. Quick-adjusting jaw ratchets and releases quickly and smoothly.\r\n\r\n63mm Jaw Opening\r\nSteel Construction\r\nHardened & Tempered\r\nPowder-Coated Finish\r\nMetal Handle\r\nWear & Distortion-Resistant", "manufacturer": "Irwin", "price": "1.50", "image_url": null, "image": "sb-spanners-pipewrench.jpg", "availableDate": null, "stock": 2}}, {"model": "items.item", "pk": 15, "fields": {"category": 17, "name": "1/2\" Drive Ratchet", "description": "Flame-hardened and tempered V-shaped tooth profile provides grip on pipes. Quick-adjusting jaw ratchets and releases quickly and smoothly.\r\n\r\n63mm Jaw Opening\r\nSteel Construction\r\nHardened & Tempered\r\nPowder-Coated Finish\r\nMetal Handle\r\nWear & Distortion-Resistant", "manufacturer": "Wera", "price": "1.50", "image_url": null, "image": "sb-spanners-ratchet.jpg", "availableDate": null, "stock": 1}}, {"model": "items.item", "pk": 16, "fields": {"category": 17, "name": "Nut Driver Set", "description": "For hex head screws, nuts and bolts. Hollow shaft feature facilitates the tightening or loosening of seized screws or nuts on long threads. Designed to fit perfectly into the hand to allow for fast, comfortable and ergonomic screwdriving. Anti-roll feature prevents any unwanted rolling off surfaces at the workplace. Handle features clear symbol and tip size markings making it easy to identify the correct tool for the job.\r\n\r\nHex Shank\r\nChrome-Plated Steel Construction\r\nMulti-Component Handle\r\nAnti-Roll Feature\r\nHandle Markings", "manufacturer": "Wera", "price": "1.50", "image_url": null, "image": "sb-spanners-nutdriver.jpg", "availableDate": null, "stock": 1}}, {"model": "items.item", "pk": 17, "fields": {"category": 6, "name": "Chisel Set", "description": "Hardened and tempered to give the blades prolonged edge retention. Ergonomically designed bi-material handle allows for additional comfort and control whilst working. The bevelled edge allows the tools to be easily worked into tight corners and edges.\r\n\r\nHardened & Tempered Steel Blade\r\nSteel Strike Cap\r\nFully-Forged Steel Core\r\nAcetate Ergonomic Handle\r\nSharpened Blade\r\nLacquered Blade For Corrosion Protection", "manufacturer": "Dewalt", "price": "1.00", "image_url": null, "image": "sb-carpentry-chiselset.jpg", "availableDate": null, "stock": 1}}, {"model": "items.item", "pk": 18, "fields": {"category": 6, "name": "Saw Horse", "description": "Full-metal saw horses with metal legs and frame for a robust and sturdy structure. V-groove supports round profiles and pipes. Rubber pads create friction on surface while cutting. Trigger clamps provide the ability for vertical clamping. Pair can be locked together and flexible handles allow for easy carrying.\r\n\r\n900kg Max. Load Per Pair\r\nPlastic & Steel Construction\r\nNot Height Adjustable\r\nRubberised Feet\r\nV-Groove", "manufacturer": "Dewalt", "price": "1.50", "image_url": null, "image": "sb-carpentry-sawhorse.jpg", "availableDate": null, "stock": 1}}, {"model": "items.item", "pk": 19, "fields": {"category": 6, "name": "Folding Work Bench", "description": "Full-metal saw horses with metal legs and frame for a robust and sturdy structure. V-groove supports round profiles and pipes. Rubber pads create friction on surface while cutting. Trigger clamps provide the ability for vertical clamping. Pair can be locked together and flexible handles allow for easy carrying.\r\n\r\n900kg Max. Load Per Pair\r\nPlastic & Steel Construction\r\nNot Height Adjustable\r\nRubberised Feet\r\nV-Groove", "manufacturer": "Mac Allister", "price": "1.50", "image_url": null, "image": "sb-carpentry-workbench.jpg", "availableDate": null, "stock": 1}}, {"model": "items.item", "pk": 20, "fields": {"category": 6, "name": "Saw Horses", "description": "Lightweight and strong saw horses. Non-slip surface to hold the workpiece during use and non-slip rubber feet for added stability. Additional V-groove in the top supports smaller items and round items, such as pipework. Folds flat for easy transportation and storage. Includes tray for tools.\r\n\r\n362kg Max. Load Per Pair\r\nPlastic Construction\r\nNot Height Adjustable\r\nRubberised Feet\r\nFolds Flat for Storage", "manufacturer": "Stanley", "price": "1.00", "image_url": null, "image": "sb-carpentry-sawhorses.jpg", "availableDate": null, "stock": 1}}, {"model": "items.item", "pk": 21, "fields": {"category": 6, "name": "Clamp Set", "description": "Bar/Spreader Clamps have soft, plastic protective jaw guards to help prevent damage to surfaces. Quick-release triggers for easy position and release. For general purpose use.\r\n\r\nPlastic & Nylon Construction\r\nNylon Ergonomic Handle", "manufacturer": null, "price": "0.50", "image_url": null, "image": "sb-carpentry-clampset.jpg", "availableDate": null, "stock": 1}}, {"model": "items.item", "pk": 22, "fields": {"category": 6, "name": "Nail Punch Set", "description": "Bar/Spreader Clamps have soft, plastic protective jaw guards to help prevent damage to surfaces. Quick-release triggers for easy position and release. For general purpose use.\r\n\r\nPlastic & Nylon Construction\r\nNylon Ergonomic Handle", "manufacturer": null, "price": "0.50", "image_url": null, "image": "sb-carpentry-nailpunch.jpg", "availableDate": null, "stock": 1}}, {"model": "items.item", "pk": 23, "fields": {"category": 6, "name": "Workshop Vice", "description": "Hardened and tempered jaws. Rotates 360°, with locking pins on opposite sides.\r\n\r\nSteel Body\r\n80mm Grooved Carbon Steel Jaws\r\n360° Swivel Base\r\nClamping Force Up To 9806N\r\nDeck-Mounted\r\nSteel Metal Handle", "manufacturer": null, "price": "1.00", "image_url": null, "image": "sb-carpentry-vice.jpg", "availableDate": null, "stock": 1}}, {"model": "items.item", "pk": 24, "fields": {"category": 7, "name": "Multifunction Tester", "description": "Compact and robust multifunction tester. Tests 18th edition electrical installations including type A and AC RCDs. IP54 rated, even when the leads are not plugged in. Anti-trip technology loop for full no-trip loop testing of all RCD types. Low susceptibility of RCD uplift and noise interference. Displays PFC/PSC at same time as loop reading. 250/500/1000V insulation test with auto-discharge. Test leads auto-null for continuity mode. RCD auto-test mode for 30mA RCDs. RCD ramp test function. Tests 10mA, 30mA, 100mA, 300mA and 500mA RCDs. Hand-free mode controlled by separate button. Instant correct wiring status check. Supplied in a soft carry case.\r\n\r\nProspective Short Circuit Test\r\nRCD Test\r\nEarth Fault Loop Impedance Test\r\nMains Polarity Test\r\nBacklit LCD Display\r\nHi & Low Current Loop Test", "manufacturer": "Kewtech", "price": "3.00", "image_url": null, "image": "sb-electrical-tester.jpg", "availableDate": null, "stock": 1}}, {"model": "items.item", "pk": 25, "fields": {"category": 7, "name": "Digital Multimeter", "description": "Tests AC/DC voltage, DC current and resistance.\r\n\r\nCAT III 600V\r\n600V Voltage\r\n2MΩ Resistance\r\nStandard\r\nData Hold Function\r\nLCD Display\r\nPocket Size", "manufacturer": "LAP", "price": "0.50", "image_url": null, "image": "sb-electrical-multimeter.jpg", "availableDate": null, "stock": 1}}, {"model": "items.item", "pk": 26, "fields": {"category": 7, "name": "Ratchet Crimping Tool 7\"", "description": "Suitable for 1 to 10mm².\r\n\r\nCrimps 1-10mm² Electrical Wiring\r\nCold-Forged Carbon Steel Jaws\r\nPVC Easy-Squeeze Handle", "manufacturer": null, "price": "0.50", "image_url": null, "image": "sb-electrical-crimper.jpg", "availableDate": null, "stock": 1}}, {"model": "items.item", "pk": 27, "fields": {"category": 7, "name": "Test Lead Extension Reel 50m", "description": "Extension reel. Designed to fit most manufacturer's test equipment. Visit www.kewtechcorp.com for full specification.\r\n\r\nIP40\r\nMeets GS 38 where Applicable\r\nCarry Handle\r\nEnables Compliance with IEC 61557", "manufacturer": "Kewtech", "price": "1.50", "image_url": null, "image": "sb-electrical-extensionreel.jpg", "availableDate": null, "stock": 1}}, {"model": "items.item", "pk": 28, "fields": {"category": 7, "name": "Lamp removal Tool", "description": "Extension reel. Designed to fit most manufacturer's test equipment. Visit www.kewtechcorp.com for full specification.\r\n\r\nIP40\r\nMeets GS 38 where Applicable\r\nCarry Handle\r\nEnables Compliance with IEC 61557", "manufacturer": "Wolfcraft", "price": "0.50", "image_url": null, "image": "sb-electrical-lampremover.jpg", "availableDate": null, "stock": 1}}, {"model": "items.item", "pk": 29, "fields": {"category": 19, "name": "Roughneck 10\" Tamper", "description": "Large, reinforced cast iron base plate and fibreglass handle with comfort grip.\r\n\r\nIron Head\r\nFibreglass Soft-Grip Handles\r\nFibreglass Shaft", "manufacturer": "Roughneck", "price": "1.50", "image_url": null, "image": "sb-building-tamper.jpg", "availableDate": null, "stock": 1}}, {"model": "items.item", "pk": 30, "fields": {"category": 19, "name": "Suction Lifter", "description": "Heavy duty suction lifter, ideal for safely lifting large panes of glass, sheet material and marble.\r\n\r\nMax. Lifting Capacity: 70kg\r\nABS Body\r\nLever Operated\r\nErgonomic Handle", "manufacturer": null, "price": "0.50", "image_url": null, "image": "sb-building-sucker.jpg", "availableDate": null, "stock": 1}}, {"model": "items.item", "pk": 31, "fields": {"category": 19, "name": "Pop Rivet Gun", "description": "Ergonomic pop rivet tool with high performance motor for maximum productivity. RedLink overload protection delivers performance and durability. Suitable for all aluminium, steel, stainless steel and copper rivets up to 4.8 mm. Can deliver up to 325 x 4.8mm stainless steel rivets on a single charge with a 2.0Ah battery pack. Features trigger switch and LED work light. Tool-free access to easily clean jaws. On-board nosepiece storage and removal tool for user convenience. 1 x 2.0Ah battery included. Supplied in a heavy duty case.\r\n\r\n1 x 2.0Ah Li-Ion Battery\r\n40min Charge Time\r\nSuitable for 2.4, 3.2, 4.0 & 4.8mm Rivets\r\nLED Work Light\r\nTrigger Switch\r\nReplaceable Carbon Brushes", "manufacturer": "Milwaukee", "price": "2.50", "image_url": null, "image": "sb-building-rivertgun.jpg", "availableDate": null, "stock": 1}}, {"model": "items.item", "pk": 32, "fields": {"category": 19, "name": "Staple Gun 14mm", "description": "Aluminium cast housing. Push lock-down handle for storage. Easy access staple insertion. Ergonomic soft handle and head.\r\n\r\nFires Staples\r\nClosed-View Magazine\r\nAluminium Construction\r\nPolyethylene Ergonomic Easy-Push Handle\r\nMatt Finish", "manufacturer": "Stanley", "price": "1.00", "image_url": null, "image": "sb-building-staplegun.jpg", "availableDate": null, "stock": 1}}, {"model": "items.item", "pk": 33, "fields": {"category": 19, "name": "Inflatable Air Wedge", "description": "Soft air cushion that provides a powerful 135kg of lifting pressure. Ideal to use when levelling windows, installing cabinets and positioning heavy doors. Can be used for 2-50mm joints.\r\n\r\nMax. Load Capacity: 135kg\r\nExpansion Range: 2-50mm\r\nReinforced Fibre Construction", "manufacturer": "Winbag", "price": "0.50", "image_url": null, "image": "sb-building-airwedge.jpg", "availableDate": null, "stock": 1}}, {"model": "items.item", "pk": 34, "fields": {"category": 19, "name": "Knee Kicker", "description": "Steel-bodied knee kicker for stretching carpets. Ergonomically designed with soft foam grip handle for user comfort. Length adjusts from 470 to 610mm. Working depth can be adapted according to thickness of carpet.\r\n\r\nSuitable for Carpeted Floors\r\nRubber Bumper\r\nErgonomic Soft-Grip Handle\r\nSteel Body\r\n16 Steel Pins\r\n8 Depth Settings\r\nSuitable for Carpets 9mm Thick", "manufacturer": "Magnusson", "price": "1.50", "image_url": null, "image": "sb-building-kneekicker.jpg", "availableDate": null, "stock": 1}}, {"model": "items.item", "pk": 35, "fields": {"category": 9, "name": "Cordless Circular Saw", "description": "The DeWalt DCS391 XR circular saw is ideal for working on MDF, plywood and timber and features a 24-tooth TCT blade that can deliver bevel cuts up to 50°. The all-metal gearbox gives added durability, while the hex key lets you make any quick on-the-job tweaks. Safety features include an electric brake and lock-off switch. The DeWalt DCS391 XR's light weight of just 3.5kg and its compact dimensions mean it's comfortable to handle and easily portable, making it ideal for both the professional and home woodworker.\r\n\r\nMax. Cut: 55mm\r\n24-Tooth TCT Blade\r\nCast Magnesium Base & Cast Magnesium Guard\r\nElectronic Brake\r\nWithout Riving Knife\r\nLock-Off Switch\r\nSpindle Lock\r\nRip Fence\r\nWithout Work Light", "manufacturer": "Dewalt", "price": "2.00", "image_url": null, "image": "sb-ptsaws-circular.jpg", "availableDate": null, "stock": 1}}, {"model": "items.item", "pk": 36, "fields": {"category": 9, "name": "Reciprocating Saw", "description": "Compact reciprocating saw with brushless motor that delivers power and improves run time without compromising ergonomics. Lever-actuated 4-position blade clamp. Compatible with the DeWalt 18V battery system.\r\n\r\nVariable Speed\r\nQuick-Release Blade Change\r\nSingle-Position Shoe\r\nElectronic Brake\r\nRubber-Coated Grip\r\nAll-Metal Gearbox\r\nLED Work Light", "manufacturer": "Dewalt", "price": "2.50", "image_url": null, "image": "sb-ptsaws-reciprocating.jpg", "availableDate": null, "stock": 1}}, {"model": "items.item", "pk": 37, "fields": {"category": 9, "name": "Jigsaw", "description": "Powerful jigsaw with keyless blade change, anti-scratch base cover and rubber-coated grip. Supplied with dust port. Compatible with DeWalt XR Li-ion batteries.\r\n\r\n3-Stage Pendulum Action\r\nSingle-Speed Variable\r\nTool-Free Blade Change\r\nDust Blower Facility\r\nDie-Cast Aluminium Base\r\nAll-Metal Gearing\r\nLock-Off Switch\r\nRubber-Coated Grip\r\nWithout Work Light", "manufacturer": "Dewalt", "price": "2.50", "image_url": null, "image": "sb-ptsaws-jigsaw.jpg", "availableDate": null, "stock": 1}}, {"model": "items.item", "pk": 38, "fields": {"category": 9, "name": "Sliding Mitre Saw", "description": "Sliding mitre saw with 48-tooth TCT blade operates at a speed of 5000rpm to work through large quantities of material at a fast pace. Adjustable saw with 5 pre-set mitre stops to the left and a bevel of up to 45° to choose the angle most suited to the task. Supplied with a dust bag, extension arms and a hex key for adjustments.\r\n\r\n1500W\r\nMax. Cross Cut: 60 x 310mm\r\n48-Tooth TCT Blade\r\nTrench Cutting Facility\r\nAluminium Base\r\nHard Start\r\nDust Bag\r\nWorkpiece Clamp\r\nSpindle Lock\r\nNo Brake", "manufacturer": "Titan", "price": "2.50", "image_url": null, "image": "sb-ptsaws-mitre.jpg", "availableDate": null, "stock": 1}}, {"model": "items.item", "pk": 39, "fields": {"category": 9, "name": "Table Saw", "description": "Carbide-tipped saw blade for general purpose cutting. Includes extension tables for increased support on large cuts. Rear table extension provides additional work area support. Heavy duty steel stand is lightweight yet durable. Supplied with TCT saw blade, blade wrench, blade cover and dust extraction hose.\r\n\r\n1500W Brush Motor\r\nMax. Cut Depth: 80mm\r\n40-Tooth TCT Blade\r\nSheet Metal Table\r\nRip Fence & Mitre Guide\r\nDust Extraction Facility\r\nConstant Speed Under Load\r\nElectronic Brake\r\nHard Start\r\nReplaceable Carbon Brushes", "manufacturer": "Titan", "price": "2.50", "image_url": null, "image": "sb-ptsaws-table.jpg", "availableDate": null, "stock": 1}}, {"model": "items.item", "pk": 40, "fields": {"category": 9, "name": "Plunge Saw", "description": "Carbide-tipped saw blade for general purpose cutting. Includes extension tables for increased support on large cuts. Rear table extension provides additional work area support. Heavy duty steel stand is lightweight yet durable. Supplied with TCT saw blade, blade wrench, blade cover and dust extraction hose.\r\n\r\n1500W Brush Motor\r\nMax. Cut Depth: 80mm\r\n40-Tooth TCT Blade\r\nSheet Metal Table\r\nRip Fence & Mitre Guide\r\nDust Extraction Facility\r\nConstant Speed Under Load\r\nElectronic Brake\r\nHard Start\r\nReplaceable Carbon Brushes", "manufacturer": "Erbauer", "price": "3.50", "image_url": null, "image": "sb-ptsaws-plunge.jpg", "availableDate": null, "stock": 1}}, {"model": "items.item", "pk": 41, "fields": {"category": 10, "name": "Cordless Combi Drill 18v", "description": "3-function combi drill with trigger-activated LED, shock-resistant design and battery charge indicator. Keep Cool battery technology actively manages temperature, so cells do not overheat, giving more power, longer run time and battery life. Part of the Erbauer EXT and EXT EliteCell, one battery system, running multiple tools for increased flexibility. Compatible with all Erbauer 18V EXT and EXT EliteCell batteries and chargers. Supplied with charger and carry bag.\r\n\r\n2 x 2.0Ah Li-Ion Batteries\r\n60min Charge Time\r\nMax. Torque: 40Nm\r\n19 Torque Settings + Drill + Hammer Drill\r\n13mm Keyless Chuck\r\nVariable Speed\r\nNylon Gearbox\r\nElectronic Brake\r\nLED Work Light\r\nAutomatic Spindle Lock", "manufacturer": "Erbauer", "price": "2.50", "image_url": null, "image": "sb-ptdrills-combi.jpg", "availableDate": null, "stock": 1}}, {"model": "items.item", "pk": 42, "fields": {"category": 10, "name": "Hammer Drill Corded", "description": "Compact and versatile professional rotary hammer with SDS-plus technology. Features powerful 720W motor and 2J of impact energy for effective hammer drilling in concrete of up to 21mm in diameter. Also features 3 modes for hammer drilling, drilling, and chiselling. Ideal compact entry-level solution for powerful hammer drilling. Suitable for use in concrete and masonry.\r\n\r\n720W\r\nDrill, Hammer Drill, Chisel & Variolock\r\nMax. Impact Energy: 2J\r\nNo Anti-Vibration System\r\nMechanical Clutch\r\nAll-Metal Gearbox\r\nElectronic Brake\r\nLock-On Trigger Switch\r\nVariable Speed & Reverse\r\nReplaceable Carbon Brushes", "manufacturer": "Bosch", "price": "2.50", "image_url": null, "image": "sb-ptdrills-hammer.jpg", "availableDate": null, "stock": 1}}, {"model": "items.item", "pk": 43, "fields": {"category": 10, "name": "Angle Drill", "description": "Slimline and powerful, the DeWalt DCD740N angled drill driver is designed to be used in awkward spots. With an impressive max. torque of 33Nm, this drill makes light work of wood and metal and, at just 1.3kg, it's easy to move around. A comfortable rubber-coated grip and powerful fan-cooled motor make this drill easy to use over longer periods, while an electric brake prevents overdriving. A 10mm keyless chuck makes fitting drill bits simple, and a handy LED light brightens up darker areas. This model is compatible with DeWalt XR Li-ion batteries and comes complete with an automatic spindle lock.\r\n\r\n2-Speed Variable & Reverse\r\n10mm Keyless Chuck\r\nFan-Cooled Motor\r\nElectronic Brake\r\nAll-Metal Gearbox\r\n1 Torque Settings\r\nRubber-Coated Grip\r\nAutomatic Spindle Lock\r\nReplaceable Carbon Brushes", "manufacturer": "Dewalt", "price": "2.50", "image_url": null, "image": "sb-ptdrills-angle.jpg", "availableDate": null, "stock": 1}}, {"model": "items.item", "pk": 44, "fields": {"category": 10, "name": "Percussion Drill", "description": "At 240V the DeWalt DWD024K-LX percussion drill is a powerful tool that combines high performance with ease of use. With a no load speed of 2800rpm, it is capable of drilling through wood, steel and masonry and the tool also comes with a keyed chuck for easy bit changes. A rubber-coated grip makes it comfortable to operate for extended periods, and the multi-position side handle can be adjusted as and when you need. The DeWalt DWD024K-LX weighs 3.1kg and comes with a carry case making it lightweight and portable.\r\n\r\n701W\r\nSingle-Speed Variable & Reverse\r\n13mm Keyed Chuck\r\nLock-On Switch\r\nAll-Metal Gearbox\r\nRubber-Coated Grip\r\nReplaceable Carbon Brushes", "manufacturer": "Dewalt", "price": "2.50", "image_url": null, "image": "sb-ptdrills-percussion.jpg", "availableDate": null, "stock": 1}}, {"model": "items.item", "pk": 45, "fields": {"category": 9, "name": "Diamond Core Drill", "description": "Professional 2-speed corded drill with powerful motor and high torque. Designed for tough applications such as diamond dry-drilling. Specifically optimised for fast drilling progress up to 162mm diameter even when using diamond core cutters in non-impact function. Features all-metal gearbox, 16mm keyed chuck and mechanical safety clutch. Rotation control clutch for increased user protection.\r\n\r\n1500W\r\n2-Speed Variable & Reverse\r\n16mm Keyed Chuck\r\nMechanical Safety Clutch\r\nAll-Metal Gearbox\r\nTrigger Switch\r\nMulti-Position Handles\r\nHard Start\r\nElectronic Brake\r\nReplaceable Carbon Brushes", "manufacturer": "Bosch", "price": "5.00", "image_url": null, "image": "sb-ptdrills-diamond.jpg", "availableDate": null, "stock": 1}}, {"model": "items.item", "pk": 46, "fields": {"category": 11, "name": "Orbital Sander", "description": "Professional 2-speed corded drill with powerful motor and high torque. Designed for tough applications such as diamond dry-drilling. Specifically optimised for fast drilling progress up to 162mm diameter even when using diamond core cutters in non-impact function. Features all-metal gearbox, 16mm keyed chuck and mechanical safety clutch. Rotation control clutch for increased user protection.\r\n\r\n1500W\r\n2-Speed Variable & Reverse\r\n16mm Keyed Chuck\r\nMechanical Safety Clutch\r\nAll-Metal Gearbox\r\nTrigger Switch\r\nMulti-Position Handles\r\nHard Start\r\nElectronic Brake\r\nReplaceable Carbon Brushes", "manufacturer": "Dewalt", "price": "2.50", "image_url": null, "image": "sb-ptsander-orbital.jpg", "availableDate": null, "stock": 1}}, {"model": "items.item", "pk": 47, "fields": {"category": 11, "name": "Belt Sander", "description": "Robust and reliable belt sander designed for competent home users, apprentices and part-time tradesmen. Provides durable, industrial performance. Features a dust extraction facility with cloth dust bag. Ergonomically-designed soft-grip handle. Flat top for inverted applications, designed to enable flush sanding against walls. Can be connected to a dust extractor. Supplied with dust bag and an abrasive sanding belt.\r\n\r\n940W\r\nFixed Speed\r\nDust Bag & Extraction Facility\r\nAdjustable Belt Tracking\r\nSoft-Grip Handle\r\nConstant Speed\r\nTrigger Switch\r\nReplaceable Carbon Brushes", "manufacturer": "Milwaukee", "price": "3.50", "image_url": null, "image": "sb-ptsander-belt.jpg", "availableDate": null, "stock": 1}}, {"model": "items.item", "pk": 48, "fields": {"category": 11, "name": "Multi-Sander", "description": "Multi-sander ideal for use on common sanding jobs such as furniture, doors, frames, shelves and wooden toys. Designed for effortless work in corners, on edges, and on smaller-sized flat surfaces. Features hook-and-loop fastening system for quick, easy sanding paper changes, and Microfilter dust box, reducing dust to keep the working area cleaner. Suitable for work on hardwood, softwood and varnished or painted surfaces.\r\n\r\n100W\r\nSingle-Speed\r\nHook & Loop Fixing\r\nDust Box\r\nSlide On/Off Switch\r\nErgonomic Soft-Grip Handles\r\nWithout Dust-Sealed Bearings\r\nNon-Replaceable Carbon Brushes", "manufacturer": "Bosch", "price": "1.50", "image_url": null, "image": "sb-ptsander-multi.jpg", "availableDate": null, "stock": 1}}, {"model": "items.item", "pk": 49, "fields": {"category": 11, "name": "Cordless Polisher", "description": "18V random orbit polisher powered by the LXT lithium battery platform and a powerful brushless motor, giving performance comparable to AC polishers. Battery fits conveniently on the top side of the machine to avoid damage to the area being polished. Rubber bumpers located on the head of the machine also protect the work surface when placing the machine down during and after use. 2 modes cover a large range of applications; 'Normal Mode' forces rotation, with orbital action, for fast polishing and 'Finishing Mode' allows orbital action, with free rotation, for fine polishing. Variable speed by trigger and dial, and a lock-on switch, adds to convenience and comfort during continuous use. Extreme Protection Technology (XPT) protects from dust and water.\r\n\r\nWing Nut Fixing\r\n2-Speed\r\nWithout Dust Extraction Facility\r\nSoft-Grip Handle\r\nBrushless Motor\r\nSoft Start", "manufacturer": "Milwaukee", "price": "2.50", "image_url": null, "image": "sb-ptsander-polisher.jpg", "availableDate": null, "stock": 1}}, {"model": "items.item", "pk": 50, "fields": {"category": 12, "name": "Angle Grinder", "description": "Brushless motor for efficiency, improved application performance and power. Compact gear case for increased access to tight spaces.\r\n\r\nAdjustable Guard\r\n2-Position Side Handle\r\nAll-Metal Gearing\r\nM14 Spindle Thread\r\nFan-Cooled Motor\r\nOn/Off Switch\r\nDust-Sealed Bearings\r\nBrushless Motor", "manufacturer": "Dewalt", "price": "3.00", "image_url": null, "image": "sb-ptother-grinder.jpg", "availableDate": null, "stock": 1}}, {"model": "items.item", "pk": 51, "fields": {"category": 12, "name": "Multi-Tool", "description": "Powerful multi-tool with 3.2° oscillation angle and variable speed control for sawing, sanding and cutting. Suitable for metal or wood applications. Features include overcurrent protection and dust seal protection. Supplied with 13 accessories and carry case.\r\n\r\n300W\r\nVariable Speed\r\nOscillating Cutting Action\r\nSlide On/Off Switch\r\nTool-Free Blade Change\r\nFan-Cooled Motor\r\nAll-Metal Gearbox\r\nRubber Overmould Grip\r\nReplaceable Carbon Brushes", "manufacturer": "Erbauer", "price": "2.50", "image_url": null, "image": "sb-ptother-multitool.jpg", "availableDate": null, "stock": 1}}, {"model": "items.item", "pk": 52, "fields": {"category": 14, "name": "Leaf Rake", "description": "Lightweight fibreglass shaft with non-slip double grip for comfort.\r\n\r\n16¾\" Plastic Head\r\nNon-Slip Soft-Grip Handles", "manufacturer": null, "price": "0.50", "image_url": null, "image": "sb-gardenht-leafrake.jpg", "availableDate": null, "stock": 1}}, {"model": "items.item", "pk": 53, "fields": {"category": 14, "name": "Soil Rake", "description": "Manufactured from heavy duty, carbon steel with a corrosion-resistant tumble lacquer finish, connected to a tough and durable fibreglass handle. 14 recessed tines effectively penetrate, break-up and spread ground materials. Serrated back blade for breaking soil down into finer particles, levelling and scraping.\r\n\r\n14\" Carbon Steel Head\r\nFibreglass Handle\r\nSerrated Scraping Blade", "manufacturer": "Roughneck", "price": "0.50", "image_url": null, "image": "sb-gardenht-soilrake.webp", "availableDate": null, "stock": 1}}, {"model": "items.item", "pk": 54, "fields": {"category": 14, "name": "Sharp-Edged Hoe", "description": "Manufactured from heavy duty, carbon steel with a corrosion-resistant tumble lacquer finish, connected to a tough and durable fibreglass handle. 14 recessed tines effectively penetrate, break-up and spread ground materials. Serrated back blade for breaking soil down into finer particles, levelling and scraping.\r\n\r\n14\" Carbon Steel Head\r\nFibreglass Handle\r\nSerrated Scraping Blade\r\n...but worth every penny.", "manufacturer": "Roughneck", "price": "0.50", "image_url": null, "image": "sb-gardenht-hoe.jpg", "availableDate": null, "stock": 1}}, {"model": "items.item", "pk": 55, "fields": {"category": 14, "name": "Digging Spade", "description": "Solid forged carbon steel head and extra long socket for strength. Hammer finish epoxy coated head for improved resistance to rust, scratches, humidity and alkalines in the soil. Weatherproofed hardwood shaft for greater durability. Supergrip handle with forward tilt for optimum wrist angle. Treaded for more comfortable digging.\r\n\r\nEpoxy-Coated Carbon Steel Blade\r\nWooden-Handled Suregrip Handle\r\nWeatherproof\r\nImproved Resistance to Rust & Scratches\r\nForward Tilt for Optimum Wrist Angle", "manufacturer": "Spear and Jackson", "price": "0.50", "image_url": null, "image": "sb-gardenht-spade.jpg", "availableDate": null, "stock": 1}}, {"model": "items.item", "pk": 56, "fields": {"category": 14, "name": "Digging Fork", "description": "Solid forged carbon steel head and extra long socket for strength. Hammer finish epoxy coated head for improved resistance to rust, scratches, humidity and alkalines in the soil. Weatherproofed hardwood shaft for greater durability. Supergrip handle with forward tilt for optimum wrist angle. Treaded for more comfortable digging.\r\n\r\nEpoxy-Coated Carbon Steel Blade\r\nWooden-Handled Suregrip Handle\r\nWeatherproof\r\nImproved Resistance to Rust & Scratches\r\nForward Tilt for Optimum Wrist Angle", "manufacturer": "Spear and Jackson", "price": "0.50", "image_url": null, "image": "sb-gardenht-fork.jpg", "availableDate": null, "stock": 1}}, {"model": "items.item", "pk": 57, "fields": {"category": 13, "name": "Corded Lawn Mower", "description": "Central height adjustment for simple switching between cutting heights. Ergonomic and foldable handles with quick-release system for easy assembly. Grass collection indicator to show when the collection bag needs emptying.\r\n\r\n1700W\r\n7 Cutting Heights (20-70mm)\r\n45Ltr Grass Bag\r\n2 Year Manufacturer's Guarantee (T&Cs Apply)\r\nHardened Steel Blade\r\nPlastic Deck\r\nWith Mulching Facility\r\nVertical Storage", "manufacturer": "Titan", "price": "2.50", "image_url": null, "image": "sb-gardenpt-cordedlawnmower.webp", "availableDate": null, "stock": 1}}, {"model": "items.item", "pk": 58, "fields": {"category": 13, "name": "Petrol Lawn Mower", "description": "Powered by the Honda GCV170 Autochoke 167cc engine. Designed to provide an excellent finish on all types of lawn. The Autochoke system on the engine automatically sets the choke to give optimum starting and running in all cutting conditions. Steel chassis with skid plate reduces scalping of the lawn. Features a Dynamic Speed Control (DSC) transmission, a conical clutch that allows for smoother gradual traction. Self-propelled, no need to push, ideal for maintaining lawns with minimum effort. Mulching plug means no need to collect grass as it recycles the clippings into the lawn. Suitable for lawns up to 2500m².\r\n\r\n167cc 4-Stroke Honda GCV Engine\r\n6 Cutting Heights (22-65mm)\r\n60Ltr Grass Collector\r\nSteel Deck\r\nHardened Steel Blade\r\n3 Year Manufacturer’s Guarantee (Registration Required, T&Cs Apply)\r\nWith Mulching Facility\r\nSelf-Propelled\r\nFront Skid Plate", "manufacturer": "Mountfield", "price": "5.00", "image_url": null, "image": "sb-gardenpt-petrollawnmower.webp", "availableDate": null, "stock": 1}}, {"model": "items.item", "pk": 59, "fields": {"category": 13, "name": "Hedge Trimmer Corded", "description": "Electric hedge trimmer with telescopic shaft for set working heights and easy storage. Features laser-cut blades for a smooth, clean cut and 120° pivoting trimmer head for improved versatility. Blade tip protector and electronic quick-stop blade brake ensure user safety. Includes single shoulder harness with quick-release mechanism.\r\n\r\n50cm Blade\r\n550W\r\n22mm Cutting Capacity", "manufacturer": "Erbauer", "price": "2.00", "image_url": null, "image": "sb-gardenpt-cordtrimmer.webp", "availableDate": null, "stock": 1}}, {"model": "items.item", "pk": 60, "fields": {"category": 13, "name": "Hedge Trimmer Petrol", "description": "60cm double reciprocating blades make light work of hedges and 3-position twist-grip rear handle makes it easy to use. Suitable for most gardens and for heavy garden use.\r\n\r\n60cm Blade\r\n22.5cc 2-Stroke Petrol Engine\r\n27mm Cutting Capacity\r\nAnti-Vibration System\r\n1 Year Guarantee\r\n3-Position Rotating Rear Handle\r\nDouble Reciprocating Laser-Cut Blades", "manufacturer": "Mountfield", "price": "2.50", "image_url": null, "image": "sb-gardenpt-petroltrimmer.webp", "availableDate": null, "stock": 1}}, {"model": "items.item", "pk": 61, "fields": {"category": 15, "name": "5.81m Extension Ladders", "description": "Triple section extension ladder constructed using high-grade aluminium and suitable for professional use. Box section stiles provide additional rigidity. Features include wrap-around top clips with smooth-glide runners, slip-resistant square-shaped rungs and a wide stabiliser.\r\n\r\nClosed to Max. Open Height: 2.45 - 5.81m\r\nMax. Static Vertical Load: 150kg\r\nProfessional Use\r\nAnti-Slip Feet & Treads\r\nSquare Rungs\r\n1m Removable Stabiliser Bar Supplied", "manufacturer": "Werner", "price": "5.00", "image_url": null, "image": "sb-ladders-extension5.81.jpg", "availableDate": null, "stock": 1}}, {"model": "items.item", "pk": 62, "fields": {"category": 15, "name": "Stair Ladders", "description": "Triple section extension ladder constructed using high-grade aluminium and suitable for professional use. Box section stiles provide additional rigidity. Features include wrap-around top clips with smooth-glide runners, slip-resistant square-shaped rungs and a wide stabiliser.\r\n\r\nClosed to Max. Open Height: 2.45 - 5.81m\r\nMax. Static Vertical Load: 150kg\r\nProfessional Use\r\nAnti-Slip Feet & Treads\r\nSquare Rungs\r\n1m Removable Stabiliser Bar Supplied", "manufacturer": "Mac Allister", "price": "5.00", "image_url": null, "image": "sb-ladders-stairs.jpg", "availableDate": null, "stock": 1}}, {"model": "items.item", "pk": 63, "fields": {"category": 16, "name": "Roof Box 460 Ltr", "description": "ABS Construction\r\nMax. Load: 50kg\r\nLockable\r\nTwin Dynamic Spring Struts\r\nU-Bolt Fixings\r\nFits Onto All M-Way Roof Bars\r\nRH Side-Opening\r\nWeatherproof", "manufacturer": "M-Way", "price": "5.00", "image_url": null, "image": "sb-miscellaneous-roofbox.jpg", "availableDate": null, "stock": 1}}, {"model": "items.item", "pk": 64, "fields": {"category": 16, "name": "Large Trailer", "description": "Galvanised steel construction. Easily assembled flat-packed trailer with maintenance-free rubber suspension. Suitable for gardening, camping, leisure, DIY and light commercial use. Supplied with a Certificate of Conformity and VIN plate.\r\n\r\nCorrosion-Resistant Galvanised Steel\r\n424kg Max. Load\r\n1500 x 1050 x 400mm External Box\r\n1450 x 1000 x 320mm Internal Box\r\n2205 x 1340 x 890mm Overall\r\nRecessed Lights & Removable Panel", "manufacturer": null, "price": "10.00", "image_url": null, "image": "sb-miscellaneous-trailer.jpg", "availableDate": null, "stock": 1}}, {"model": "items.item", "pk": 69, "fields": {"category": 5, "name": "testy test", "description": "ffffddfadsfdsafdsafdsfdsfd", "manufacturer": "ffddaf", "price": "2.50", "image_url": null, "image": "", "availableDate": "2023-06-08", "stock": 1}}, {"model": "checkout.order", "pk": 5, "fields": {"order_number": "258C9C651EE14149B752596511D1C6D7", "user_profile": null, "full_name": "test", "email": "test@test.com", "phone_number": "07777777777", "country": "", "postcode": "12345", "town_or_city": "anywhere", "street_address1": "anywhere", "street_address2": null, "county": "anywhere", "date": "2023-05-06T11:22:16.924Z", "order_total": "1.50", "original_bag": "", "stripe_pid": ""}}, {"model": "checkout.order", "pk": 6, "fields": {"order_number": "E64EEDDF1C534A9EAAC2A4FA66691521", "user_profile": null, "full_name": "test", "email": "test@test.com", "phone_number": "07777777777", "country": "", "postcode": "12345", "town_or_city": "anywhere", "street_address1": "anywhere", "street_address2": null, "county": "anywhere", "date": "2023-05-06T11:35:15.987Z", "order_total": "6.00", "original_bag": "", "stripe_pid": ""}}, {"model": "checkout.order", "pk": 7, "fields": {"order_number": "B1FD6EC637F94B75942CE528920EBD36", "user_profile": null, "full_name": "test", "email": "test@test.com", "phone_number": "07777777777", "country": "", "postcode": "12345", "town_or_city": "anywhere", "street_address1": "anywhere", "street_address2": null, "county": "anywhere", "date": "2023-05-06T11:37:02.029Z", "order_total": "1.50", "original_bag": "", "stripe_pid": ""}}, {"model": "checkout.order", "pk": 8, "fields": {"order_number": "0A0EEE17396B421394F11782511B212E", "user_profile": null, "full_name": "test", "email": "test@test.com", "phone_number": "07777777777", "country": "", "postcode": "12345", "town_or_city": "anywhere", "street_address1": "anywhere", "street_address2": null, "county": "anywhere", "date": "2023-05-06T11:40:41.687Z", "order_total": "5.00", "original_bag": "", "stripe_pid": ""}}, {"model": "checkout.order", "pk": 9, "fields": {"order_number": "E3253BA0A94440C3822A557ADDAACA8A", "user_profile": null, "full_name": "test", "email": "test@test.com", "phone_number": "07777777777", "country": "", "postcode": "12345", "town_or_city": "anywhere", "street_address1": "anywhere", "street_address2": null, "county": "anywhere", "date": "2023-05-06T13:22:23.146Z", "order_total": "4.00", "original_bag": "", "stripe_pid": ""}}, {"model": "checkout.order", "pk": 10, "fields": {"order_number": "C65BCBA610C14D1287B84D5CA3F1AA53", "user_profile": null, "full_name": "test", "email": "test@test.com", "phone_number": "07777777777", "country": "", "postcode": "12345", "town_or_city": "anywhere", "street_address1": "anywhere", "street_address2": null, "county": "anywhere", "date": "2023-05-06T13:56:50.780Z", "order_total": "3.00", "original_bag": "", "stripe_pid": ""}}, {"model": "checkout.order", "pk": 11, "fields": {"order_number": "E1883C67EDCF4477B8EC908E972D6034", "user_profile": null, "full_name": "test", "email": "test@test.com", "phone_number": "07777777777", "country": "", "postcode": "12345", "town_or_city": "anywhere", "street_address1": "anywhere", "street_address2": null, "county": "anywhere", "date": "2023-05-06T14:12:26.935Z", "order_total": "13.00", "original_bag": "{\"11\": 1, \"51\": 1, \"64\": 1}", "stripe_pid": "pi_3N4lq7BHuLIEiMgO0qMjbyC6"}}, {"model": "checkout.order", "pk": 12, "fields": {"order_number": "05157757DDBE440482B40CE71C3A91DF", "user_profile": null, "full_name": "test", "email": "test@test.com", "phone_number": "07777777777", "country": "", "postcode": "12345", "town_or_city": "anywhere", "street_address1": "anywhere", "street_address2": null, "county": "anywhere", "date": "2023-05-06T14:16:07.398Z", "order_total": "1.50", "original_bag": "{\"19\": 1}", "stripe_pid": "pi_3N4ltsBHuLIEiMgO0D5gT4Hd"}}, {"model": "checkout.order", "pk": 13, "fields": {"order_number": "127EA39A149D4E39B9C6669F27FAFFF2", "user_profile": null, "full_name": "test", "email": "test@test.com", "phone_number": "07777777777", "country": "", "postcode": "12345", "town_or_city": "anywhere", "street_address1": "anywhere", "street_address2": null, "county": "anywhere", "date": "2023-05-06T14:29:45.590Z", "order_total": "2.50", "original_bag": "{\"57\": 1}", "stripe_pid": "pi_3N4m73BHuLIEiMgO1HPyGLB1"}}, {"model": "checkout.order", "pk": 14, "fields": {"order_number": "4D9DC3D2CAE94C7F842D6A8BABFFCA37", "user_profile": null, "full_name": "test", "email": "test@test.com", "phone_number": "07777777777", "country": "United Kingdom", "postcode": "12345", "town_or_city": "anywhere", "street_address1": "anywhere", "street_address2": null, "county": "anywhere", "date": "2023-05-06T14:45:57.576Z", "order_total": "3.50", "original_bag": "{\"7\": 7}", "stripe_pid": "pi_3N4mFPBHuLIEiMgO1ODahhoa"}}, {"model": "checkout.order", "pk": 15, "fields": {"order_number": "326482DD8FE9441F975FE4D4ECF8D016", "user_profile": null, "full_name": "test", "email": "test@test.com", "phone_number": "07777777777", "country": "United Kingdom", "postcode": "12345", "town_or_city": "anywhere", "street_address1": "anywhere", "street_address2": null, "county": "anywhere", "date": "2023-05-06T14:46:30.885Z", "order_total": "2.50", "original_bag": "{\"3\": 5}", "stripe_pid": "pi_3N4mNJBHuLIEiMgO1hUuU7x9"}}, {"model": "checkout.order", "pk": 16, "fields": {"order_number": "C9B04BEE517C487DBBAAA4B6966B5D4C", "user_profile": null, "full_name": "test", "email": "test@test.com", "phone_number": "07777777777", "country": "United Kingdom", "postcode": "12345", "town_or_city": "anywhere", "street_address1": "anywhere", "street_address2": null, "county": "anywhere", "date": "2023-05-09T08:23:42.643Z", "order_total": "1.50", "original_bag": "{\"9\": 1}", "stripe_pid": "pi_3N5lpQBHuLIEiMgO0RwCnvJ1"}}, {"model": "checkout.order", "pk": 17, "fields": {"order_number": "19E58C5E07F44EA2A7EC45E9A97A6999", "user_profile": null, "full_name": "test", "email": "test@test.com", "phone_number": "07777777777", "country": "United Kingdom", "postcode": "12345", "town_or_city": "anywhere", "street_address1": "anywhere", "street_address2": null, "county": "anywhere", "date": "2023-05-09T08:35:20.789Z", "order_total": "3.00", "original_bag": "{\"12\": 2}", "stripe_pid": "pi_3N5m0RBHuLIEiMgO0qDGee4R"}}, {"model": "checkout.order", "pk": 18, "fields": {"order_number": "ADE71B635DCA40CD9E7C6103CF6AD06A", "user_profile": null, "full_name": "test", "email": "test@test.com", "phone_number": "07777777777", "country": "United Kingdom", "postcode": "12345", "town_or_city": "anywhere", "street_address1": "anywhere", "street_address2": null, "county": "anywhere", "date": "2023-05-09T08:59:43.048Z", "order_total": "4.00", "original_bag": "{\"17\": 4}", "stripe_pid": "pi_3N5mOMBHuLIEiMgO17odHhiA"}}, {"model": "checkout.order", "pk": 19, "fields": {"order_number": "C1005E4F2F8A4F0E8D133FE020C4D9B1", "user_profile": null, "full_name": "test", "email": "test@test.com", "phone_number": "07777777777", "country": "United States", "postcode": "12345", "town_or_city": "anywhere", "street_address1": "anywhere", "street_address2": null, "county": "anywhere", "date": "2023-05-09T09:07:33.586Z", "order_total": "3.00", "original_bag": "{\"20\": 2, \"54\": 2}", "stripe_pid": "pi_3N5mVKBHuLIEiMgO1HPnxy1k"}}, {"model": "checkout.order", "pk": 20, "fields": {"order_number": "FD1B93D4283B4A93A83BFD5C51DBDF9B", "user_profile": null, "full_name": "test", "email": "test@test.com", "phone_number": "07777777777", "country": "US", "postcode": "12345", "town_or_city": "anywhere", "street_address1": "anywhere", "street_address2": "fdsfad", "county": "anywhere", "date": "2023-05-09T09:10:09.987Z", "order_total": "2.00", "original_bag": "{\"11\": 4}", "stripe_pid": "pi_3N5mYKBHuLIEiMgO0a9C4hIm"}}, {"model": "checkout.order", "pk": 21, "fields": {"order_number": "061F8193D8B84BF9AAE1AFAD540B27DE", "user_profile": null, "full_name": "test", "email": "test@test.com", "phone_number": "07777777777", "country": "US", "postcode": "12345", "town_or_city": "anywhere", "street_address1": "anywhere", "street_address2": null, "county": "anywhere", "date": "2023-05-09T09:21:49.649Z", "order_total": "1.50", "original_bag": "{\"33\": 3}", "stripe_pid": "pi_3N5mjhBHuLIEiMgO19cDTj9q"}}, {"model": "checkout.order", "pk": 22, "fields": {"order_number": "C4D038C0B5A5494CBB48AA514655952D", "user_profile": null, "full_name": "test", "email": "test@test.com", "phone_number": "07777777777", "country": "US", "postcode": "12345", "town_or_city": "anywhere", "street_address1": "anywhere", "street_address2": null, "county": "anywhere", "date": "2023-05-09T09:26:06.552Z", "order_total": "3.50", "original_bag": "{\"7\": 7}", "stripe_pid": "pi_3N5mnqBHuLIEiMgO1zntUlXJ"}}, {"model": "checkout.order", "pk": 23, "fields": {"order_number": "5F72445AA9154C449DBE474DD5F2D019", "user_profile": null, "full_name": "test", "email": "test@test.com", "phone_number": "07777777777", "country": "US", "postcode": "12345", "town_or_city": "anywhere", "street_address1": "anywhere", "street_address2": null, "county": "anywhere", "date": "2023-05-09T09:28:29.375Z", "order_total": "3.00", "original_bag": "{\"5\": 6}", "stripe_pid": "pi_3N5mqABHuLIEiMgO1Y9QaTSS"}}, {"model": "checkout.order", "pk": 24, "fields": {"order_number": "D6C1825F3D074AF99788DB937F3A6A72", "user_profile": null, "full_name": "test", "email": "test@test.com", "phone_number": "07777777777", "country": "US", "postcode": "12345", "town_or_city": "anywhere", "street_address1": "anywhere", "street_address2": null, "county": "anywhere", "date": "2023-05-09T09:35:54.067Z", "order_total": "1.50", "original_bag": "{\"7\": 3}", "stripe_pid": "pi_3N5mxKBHuLIEiMgO1FcdJUZp"}}, {"model": "checkout.order", "pk": 25, "fields": {"order_number": "F6FE92E599A74318B1E928B116DAD80C", "user_profile": 1, "full_name": "test", "email": "test@test.com", "phone_number": "07777777777", "country": "GB", "postcode": "12345", "town_or_city": "anywhere", "street_address1": "anywhere", "street_address2": null, "county": "anywhere", "date": "2023-05-09T14:27:44.336Z", "order_total": "1.00", "original_bag": "{\"2\": 1, \"4\": 1}", "stripe_pid": "pi_3N5rVSBHuLIEiMgO1QFczJL6"}}, {"model": "checkout.order", "pk": 26, "fields": {"order_number": "6C67C9E0250E4F7EBDF1D2DF5E4D5E08", "user_profile": 1, "full_name": "testy test", "email": "danieljones625@btinternet.com", "phone_number": "07777777777", "country": "GB", "postcode": "12345", "town_or_city": "anywhere", "street_address1": "anywhere", "street_address2": null, "county": "anywhere", "date": "2023-05-09T15:23:45.714Z", "order_total": "2.50", "original_bag": "{\"2\": 3, \"13\": 1}", "stripe_pid": "pi_3N5sNpBHuLIEiMgO01EfBYer"}}, {"model": "checkout.order", "pk": 27, "fields": {"order_number": "58533A8332B94018B22A579EE0779580", "user_profile": 1, "full_name": "testy test", "email": "danieljones625@btinternet.com", "phone_number": "07777777777", "country": "GB", "postcode": "12345", "town_or_city": "anywhere", "street_address1": "anywhere", "street_address2": "Walmer", "county": "anywhere", "date": "2023-05-09T15:39:46.888Z", "order_total": "5.50", "original_bag": "{\"7\": 1, \"42\": 2}", "stripe_pid": "pi_3N5sdGBHuLIEiMgO0ky2ROzK"}}, {"model": "checkout.order", "pk": 28, "fields": {"order_number": "65E03B94D11E4A7587CF10671D1437BF", "user_profile": 1, "full_name": "testy test", "email": "test@test.com", "phone_number": "07777777777", "country": "GB", "postcode": "12345", "town_or_city": "anywhere", "street_address1": "anywhere", "street_address2": "Walmer", "county": "anywhere", "date": "2023-05-09T17:27:12.761Z", "order_total": "9.00", "original_bag": "{\"12\": 6}", "stripe_pid": "pi_3N5uIgBHuLIEiMgO1zh2ZEw2"}}, {"model": "checkout.order", "pk": 29, "fields": {"order_number": "BF52A2504AFF4FA3BF8EDB04B7691AA8", "user_profile": 1, "full_name": "testy test", "email": "test@test.com", "phone_number": "07777777777", "country": "GB", "postcode": "12345", "town_or_city": "anywhere", "street_address1": "anywhere", "street_address2": "Walmer", "county": "anywhere", "date": "2023-05-09T17:31:32.339Z", "order_total": "6.00", "original_bag": "{\"7\": 2, \"57\": 2}", "stripe_pid": "pi_3N5uNcBHuLIEiMgO0NxthQ7k"}}, {"model": "checkout.order", "pk": 30, "fields": {"order_number": "C2891D9C258B46A2AF90511522DEBA27", "user_profile": 1, "full_name": "testy test", "email": "test@test.com", "phone_number": "07777777777", "country": "GB", "postcode": "12345", "town_or_city": "anywhere", "street_address1": "anywhere", "street_address2": "Walmer", "county": "anywhere", "date": "2023-05-09T18:29:33.476Z", "order_total": "2.50", "original_bag": "{\"36\": 1}", "stripe_pid": "pi_3N5vHmBHuLIEiMgO1B25EASl"}}, {"model": "checkout.order", "pk": 31, "fields": {"order_number": "7794F3D0F7EC413DA734F47461616E3C", "user_profile": 1, "full_name": "testy test", "email": "test@test.com", "phone_number": "07777777777", "country": "GB", "postcode": "12345", "town_or_city": "anywhere", "street_address1": "anywhere", "street_address2": "Walmer", "county": "anywhere", "date": "2023-05-09T18:34:04.235Z", "order_total": "8.00", "original_bag": "{\"20\": 8}", "stripe_pid": "pi_3N5vMABHuLIEiMgO0huI5Hl6"}}, {"model": "checkout.order", "pk": 32, "fields": {"order_number": "38C9B8DA27E544EDBD098D7FB48217CB", "user_profile": 1, "full_name": "testy test", "email": "test@test.com", "phone_number": "07777777777", "country": "GB", "postcode": "12345", "town_or_city": "anywhere", "street_address1": "anywhere", "street_address2": "Walmer", "county": "anywhere", "date": "2023-05-09T18:47:25.362Z", "order_total": "9.00", "original_bag": "{\"14\": 6}", "stripe_pid": "pi_3N5vZ5BHuLIEiMgO0WWWaqNa"}}, {"model": "checkout.order", "pk": 33, "fields": {"order_number": "F6572C0BFFAB488AB2121927833867CE", "user_profile": 1, "full_name": "testy test", "email": "test@test.com", "phone_number": "07777777777", "country": "US", "postcode": "12345", "town_or_city": "anywhere", "street_address1": "anywhere", "street_address2": "Walmer", "county": "anywhere", "date": "2023-05-09T18:49:56.223Z", "order_total": "12.50", "original_bag": "{\"42\": 5}", "stripe_pid": "pi_3N5vbEBHuLIEiMgO1pLUmmLU"}}, {"model": "checkout.order", "pk": 34, "fields": {"order_number": "B301B6B506DE4ED883F7AEACA610BDBD", "user_profile": 1, "full_name": "testy test", "email": "test@test.com", "phone_number": "07777777777", "country": "GB", "postcode": "12345", "town_or_city": "anywhere", "street_address1": "anywhere", "street_address2": "Walmer", "county": "anywhere", "date": "2023-05-09T18:56:22.102Z", "order_total": "2.00", "original_bag": "{\"2\": 4}", "stripe_pid": "pi_3N5vhkBHuLIEiMgO000WyUeO"}}, {"model": "checkout.order", "pk": 35, "fields": {"order_number": "25012A0A785F4ED2A07063B9EF903551", "user_profile": 1, "full_name": "testy test", "email": "test@test.com", "phone_number": "07777777777", "country": "GB", "postcode": "12345", "town_or_city": "anywhere", "street_address1": "anywhere", "street_address2": "Walmer", "county": "anywhere", "date": "2023-05-09T19:06:56.962Z", "order_total": "3.00", "original_bag": "{\"13\": 3}", "stripe_pid": "pi_3N5vrxBHuLIEiMgO0VafqSBu"}}, {"model": "checkout.order", "pk": 36, "fields": {"order_number": "0B26527B024A41A1903B802207402064", "user_profile": 1, "full_name": "testy test", "email": "test@test.com", "phone_number": "07777777777", "country": "GB", "postcode": "12345", "town_or_city": "anywhere", "street_address1": "anywhere", "street_address2": "Walmer", "county": "anywhere", "date": "2023-05-09T19:11:40.592Z", "order_total": "10.50", "original_bag": "{\"16\": 7}", "stripe_pid": "pi_3N5vwYBHuLIEiMgO1sWznrGE"}}, {"model": "checkout.order", "pk": 37, "fields": {"order_number": "EA22F623F87D427BAB7F6B66B34C1B2F", "user_profile": 1, "full_name": "testy test", "email": "test@test.com", "phone_number": "07777777777", "country": "GB", "postcode": "12345", "town_or_city": "anywhere", "street_address1": "anywhere", "street_address2": "Walmer", "county": "anywhere", "date": "2023-05-09T19:12:52.538Z", "order_total": "6.00", "original_bag": "{\"16\": 4}", "stripe_pid": "pi_3N5vxjBHuLIEiMgO0EgfNx40"}}, {"model": "checkout.order", "pk": 38, "fields": {"order_number": "8DE61FE02E1D4E7A83BD9C117BD57CBB", "user_profile": 1, "full_name": "testy test", "email": "test@test.com", "phone_number": "07777777777", "country": "GB", "postcode": "12345", "town_or_city": "anywhere", "street_address1": "anywhere", "street_address2": "Walmer", "county": "anywhere", "date": "2023-05-16T21:06:35.839Z", "order_total": "2.00", "original_bag": "{\"3\": 1, \"9\": 1}", "stripe_pid": "pi_3N8V4YBHuLIEiMgO0rQm21R8"}}, {"model": "checkout.orderlineitem", "pk": 10, "fields": {"order": 5, "item": 30, "quantity": 1, "lineitem_total": "0.50"}}, {"model": "checkout.orderlineitem", "pk": 11, "fields": {"order": 5, "item": 54, "quantity": 2, "lineitem_total": "1.00"}}, {"model": "checkout.orderlineitem", "pk": 12, "fields": {"order": 6, "item": 28, "quantity": 1, "lineitem_total": "0.50"}}, {"model": "checkout.orderlineitem", "pk": 13, "fields": {"order": 6, "item": 21, "quantity": 1, "lineitem_total": "0.50"}}, {"model": "checkout.orderlineitem", "pk": 14, "fields": {"order": 6, "item": 57, "quantity": 2, "lineitem_total": "5.00"}}, {"model": "checkout.orderlineitem", "pk": 15, "fields": {"order": 7, "item": 9, "quantity": 1, "lineitem_total": "1.50"}}, {"model": "checkout.orderlineitem", "pk": 16, "fields": {"order": 8, "item": 36, "quantity": 2, "lineitem_total": "5.00"}}, {"model": "checkout.orderlineitem", "pk": 17, "fields": {"order": 9, "item": 8, "quantity": 1, "lineitem_total": "1.50"}}, {"model": "checkout.orderlineitem", "pk": 18, "fields": {"order": 9, "item": 51, "quantity": 1, "lineitem_total": "2.50"}}, {"model": "checkout.orderlineitem", "pk": 19, "fields": {"order": 10, "item": 2, "quantity": 1, "lineitem_total": "0.50"}}, {"model": "checkout.orderlineitem", "pk": 20, "fields": {"order": 10, "item": 37, "quantity": 1, "lineitem_total": "2.50"}}, {"model": "checkout.orderlineitem", "pk": 21, "fields": {"order": 11, "item": 11, "quantity": 1, "lineitem_total": "0.50"}}, {"model": "checkout.orderlineitem", "pk": 22, "fields": {"order": 11, "item": 51, "quantity": 1, "lineitem_total": "2.50"}}, {"model": "checkout.orderlineitem", "pk": 23, "fields": {"order": 11, "item": 64, "quantity": 1, "lineitem_total": "10.00"}}, {"model": "checkout.orderlineitem", "pk": 24, "fields": {"order": 12, "item": 19, "quantity": 1, "lineitem_total": "1.50"}}, {"model": "checkout.orderlineitem", "pk": 25, "fields": {"order": 13, "item": 57, "quantity": 1, "lineitem_total": "2.50"}}, {"model": "checkout.orderlineitem", "pk": 26, "fields": {"order": 14, "item": 7, "quantity": 7, "lineitem_total": "3.50"}}, {"model": "checkout.orderlineitem", "pk": 27, "fields": {"order": 15, "item": 3, "quantity": 5, "lineitem_total": "2.50"}}, {"model": "checkout.orderlineitem", "pk": 28, "fields": {"order": 16, "item": 9, "quantity": 1, "lineitem_total": "1.50"}}, {"model": "checkout.orderlineitem", "pk": 29, "fields": {"order": 17, "item": 12, "quantity": 2, "lineitem_total": "3.00"}}, {"model": "checkout.orderlineitem", "pk": 30, "fields": {"order": 18, "item": 17, "quantity": 4, "lineitem_total": "4.00"}}, {"model": "checkout.orderlineitem", "pk": 31, "fields": {"order": 19, "item": 20, "quantity": 2, "lineitem_total": "2.00"}}, {"model": "checkout.orderlineitem", "pk": 32, "fields": {"order": 19, "item": 54, "quantity": 2, "lineitem_total": "1.00"}}, {"model": "checkout.orderlineitem", "pk": 33, "fields": {"order": 20, "item": 11, "quantity": 4, "lineitem_total": "2.00"}}, {"model": "checkout.orderlineitem", "pk": 34, "fields": {"order": 21, "item": 33, "quantity": 3, "lineitem_total": "1.50"}}, {"model": "checkout.orderlineitem", "pk": 35, "fields": {"order": 22, "item": 7, "quantity": 7, "lineitem_total": "3.50"}}, {"model": "checkout.orderlineitem", "pk": 36, "fields": {"order": 23, "item": 5, "quantity": 6, "lineitem_total": "3.00"}}, {"model": "checkout.orderlineitem", "pk": 37, "fields": {"order": 24, "item": 7, "quantity": 3, "lineitem_total": "1.50"}}, {"model": "checkout.orderlineitem", "pk": 38, "fields": {"order": 25, "item": 2, "quantity": 1, "lineitem_total": "0.50"}}, {"model": "checkout.orderlineitem", "pk": 39, "fields": {"order": 25, "item": 4, "quantity": 1, "lineitem_total": "0.50"}}, {"model": "checkout.orderlineitem", "pk": 40, "fields": {"order": 26, "item": 2, "quantity": 3, "lineitem_total": "1.50"}}, {"model": "checkout.orderlineitem", "pk": 41, "fields": {"order": 26, "item": 13, "quantity": 1, "lineitem_total": "1.00"}}, {"model": "checkout.orderlineitem", "pk": 42, "fields": {"order": 27, "item": 7, "quantity": 1, "lineitem_total": "0.50"}}, {"model": "checkout.orderlineitem", "pk": 43, "fields": {"order": 27, "item": 42, "quantity": 2, "lineitem_total": "5.00"}}, {"model": "checkout.orderlineitem", "pk": 44, "fields": {"order": 28, "item": 12, "quantity": 6, "lineitem_total": "9.00"}}, {"model": "checkout.orderlineitem", "pk": 45, "fields": {"order": 29, "item": 7, "quantity": 2, "lineitem_total": "1.00"}}, {"model": "checkout.orderlineitem", "pk": 46, "fields": {"order": 29, "item": 57, "quantity": 2, "lineitem_total": "5.00"}}, {"model": "checkout.orderlineitem", "pk": 47, "fields": {"order": 30, "item": 36, "quantity": 1, "lineitem_total": "2.50"}}, {"model": "checkout.orderlineitem", "pk": 48, "fields": {"order": 31, "item": 20, "quantity": 8, "lineitem_total": "8.00"}}, {"model": "checkout.orderlineitem", "pk": 49, "fields": {"order": 32, "item": 14, "quantity": 6, "lineitem_total": "9.00"}}, {"model": "checkout.orderlineitem", "pk": 50, "fields": {"order": 33, "item": 42, "quantity": 5, "lineitem_total": "12.50"}}, {"model": "checkout.orderlineitem", "pk": 51, "fields": {"order": 34, "item": 2, "quantity": 4, "lineitem_total": "2.00"}}, {"model": "checkout.orderlineitem", "pk": 52, "fields": {"order": 35, "item": 13, "quantity": 3, "lineitem_total": "3.00"}}, {"model": "checkout.orderlineitem", "pk": 53, "fields": {"order": 36, "item": 16, "quantity": 7, "lineitem_total": "10.50"}}, {"model": "checkout.orderlineitem", "pk": 54, "fields": {"order": 37, "item": 16, "quantity": 4, "lineitem_total": "6.00"}}, {"model": "checkout.orderlineitem", "pk": 55, "fields": {"order": 38, "item": 3, "quantity": 1, "lineitem_total": "0.50"}}, {"model": "checkout.orderlineitem", "pk": 56, "fields": {"order": 38, "item": 9, "quantity": 1, "lineitem_total": "1.50"}}, {"model": "profiles.userprofile", "pk": 1, "fields": {"user": 2, "default_phone_number": "07777777777", "default_street_address1": "anywhere", "default_street_address2": "Walmer", "default_town_or_city": "anywhere", "default_county": "anywhere", "default_postcode": "12345", "default_country": "GB"}}, {"model": "profiles.userprofile", "pk": 3, "fields": {"user": 4, "default_phone_number": null, "default_street_address1": null, "default_street_address2": null, "default_town_or_city": null, "default_county": null, "default_postcode": null, "default_country": null}}, {"model": "profiles.userprofile", "pk": 4, "fields": {"user": 5, "default_phone_number": null, "default_street_address1": null, "default_street_address2": null, "default_town_or_city": null, "default_county": null, "default_postcode": null, "default_country": null}}, {"model": "blog.article", "pk": 1, "fields": {"title": "Why sharing is caring", "slug": "why-sharing-is-caring", "body": "why-sharing-is-caringwhy-sharing-is-caringwhy-sharing-is-caringwhy-sharing-is-caringwhy-sharing-is-caringwhy-sharing-is-caringm, why-sharing-is-caringwhy-sharing-is-caringwhy-sharing-is-caringwhy-sharing-is-caringwhy-sharing-is-caringwhy-sharing-is-caringwhy-sharing-is-caring", "date": "2023-05-12T10:51:09.665Z", "thumb": "barn-images-t5YUoHW6zRo-unsplash_1.jpg", "author": 2}}, {"model": "blog.article", "pk": 11, "fields": {"title": "Recycling paint again", "slug": "recycling-paint-again", "body": "hopefully will work", "date": "2023-05-16T19:34:27.879Z", "thumb": "rick-whittle-HvEdb6RVt4Q-unsplash_lvEV14V.jpg", "author": 2}}, {"model": "blog.article", "pk": 14, "fields": {"title": "another test blog", "slug": "another-test-blog", "body": "another test bloganother test bloganother test bloganother test bloganother test bloganother test bloganother test bloganother test bloganother test blog\r\n\r\nanother test bloganother test bloganother test bloganother test bloganother test bloganother test bloganother test blog", "date": "2023-05-22T14:39:37.626Z", "thumb": "lance-grandahl-9lcTOjGQRsI-unsplash_04CGkeS.jpg", "author": 2}}, {"model": "blog.article", "pk": 15, "fields": {"title": "and another test blog", "slug": "and-another-test-blog", "body": "and another test blogand another test blogand another test blogand another test blogand another test blogvand another test blog\r\n\r\nand another test blogand another test blogand another test blogand another test blogand another test blog", "date": "2023-05-22T14:40:11.650Z", "thumb": "share-bear-transparentbg-250_prE9bMp.png", "author": 2}}, {"model": "events.event", "pk": 3, "fields": {"organiser": 2, "title": "shooting the breeze", "slug": "shooting-the-breeze", "body": "pop by and have a cup of joe", "date": "2023-06-10T19:29:00Z", "location": "Share bear shop", "thumb": "manki-kim-BtHjHxh-D7I-unsplash_L0xt8UE.jpg", "attendees": [2, 5], "interested": [2]}}, {"model": "events.event", "pk": 12, "fields": {"organiser": 4, "title": "is this going to work", "slug": "is-this-going-to-work", "body": "is this going to workis this going to workis this going to workis this going to workis this going to work", "date": "2023-06-06T09:37:05Z", "location": "Share bear shop", "thumb": "barn-images-t5YUoHW6zRo-unsplash_5oloLT8.jpg", "attendees": [5], "interested": []}}, {"model": "events.event", "pk": 14, "fields": {"organiser": 2, "title": "test tes testt", "slug": "test-tes-testt", "body": "test-tes-testttest-tes-testttest-tes-testttest-tes-testttest-tes-testt", "date": "2023-05-31T06:00:00Z", "location": "Share bear shop", "thumb": "lance-grandahl-9lcTOjGQRsI-unsplash_tHV1HJy.jpg", "attendees": [5], "interested": []}}, {"model": "events.event", "pk": 16, "fields": {"organiser": 2, "title": "new new new", "slug": "new-new-new", "body": "new new newnew new newnew new newnew new newnew new newnew new newnew new newnew new new", "date": "2023-05-23T12:00:00Z", "location": "Share bear shop", "thumb": "manki-kim-BtHjHxh-D7I-unsplash_ZwPGFuy.jpg", "attendees": [], "interested": [2]}}]